Temps(ms), 0.200000,Vitesse (°/s), angle, -0.245000, 0.568750, 0.945000
Temps(ms), 0.250000,Vitesse (°/s), angle, -0.411250, 0.577500, 0.673750
Temps(ms), 0.300000,Vitesse (°/s), angle, 0.087500, 0.621250, 0.945000
Temps(ms), 0.350000,Vitesse (°/s), angle, 0.035000, 0.323750, 1.198750
Temps(ms), 0.400000,Vitesse (°/s), angle, 0.087500, 0.350000, 1.041250
Temps(ms), 0.450000,Vitesse (°/s), angle, -0.393750, 0.481250, 1.137500
Temps(ms), 0.500000,Vitesse (°/s), angle, -0.358750, 0.848750, 0.735000
Temps(ms), 0.550000,Vitesse (°/s), angle, -0.157500, 0.420000, 0.516250
Temps(ms), 0.600000,Vitesse (°/s), angle, -0.507500, 0.262500, 0.892500
Temps(ms), 0.650000,Vitesse (°/s), angle, -0.201250, 0.271250, 0.735000
Temps(ms), 0.700000,Vitesse (°/s), angle, -0.210000, 0.507500, 0.621250
Temps(ms), 0.750000,Vitesse (°/s), angle, -0.612500, 0.630000, 0.787500
Temps(ms), 0.800000,Vitesse (°/s), angle, -0.175000, 0.848750, 1.093750
Temps(ms), 0.850000,Vitesse (°/s), angle, 0.061250, 0.560000, 0.980000
Temps(ms), 0.900000,Vitesse (°/s), angle, -0.253750, 0.463750, 0.743750
Temps(ms), 0.950000,Vitesse (°/s), angle, -0.105000, 0.621250, 0.848750
Temps(ms), 1.000000,Vitesse (°/s), angle, -0.306250, 0.411250, 0.761250
Temps(ms), 1.050000,Vitesse (°/s), angle, -0.061250, 0.070000, 1.093750
Temps(ms), 1.100000,Vitesse (°/s), angle, -0.087500, 0.393750, 0.673750
Temps(ms), 1.150000,Vitesse (°/s), angle, -0.358750, 0.621250, 0.892500
Temps(ms), 1.200000,Vitesse (°/s), angle, 0.148750, 0.621250, 0.848750
Temps(ms), 1.250000,Vitesse (°/s), angle, -0.192500, 0.253750, 1.015000
Temps(ms), 1.300000,Vitesse (°/s), angle, 0.017500, 0.568750, 0.691250
Temps(ms), 1.350000,Vitesse (°/s), angle, -0.288750, 0.708750, 0.805000
Temps(ms), 1.400000,Vitesse (°/s), angle, -0.087500, 0.402500, 0.892500
Temps(ms), 1.450000,Vitesse (°/s), angle, -0.061250, 0.621250, 0.892500
Temps(ms), 1.500000,Vitesse (°/s), angle, 0.000000, 0.428750, 0.778750
Temps(ms), 1.550000,Vitesse (°/s), angle, 0.017500, 0.533750, 0.962500
Temps(ms), 1.600000,Vitesse (°/s), angle, -0.271250, 0.612500, 0.857500
Temps(ms), 1.650000,Vitesse (°/s), angle, -0.306250, 0.455000, 1.111250
Temps(ms), 1.700000,Vitesse (°/s), angle, -0.096250, 0.393750, 0.918750
Temps(ms), 1.750000,Vitesse (°/s), angle, -0.288750, 0.358750, 0.910000
Temps(ms), 1.800000,Vitesse (°/s), angle, 0.078750, 0.656250, 0.840000
Temps(ms), 1.850000,Vitesse (°/s), angle, 0.070000, 0.043750, 1.102500
Temps(ms), 1.900000,Vitesse (°/s), angle, -0.288750, 0.288750, 1.102500
Temps(ms), 1.950000,Vitesse (°/s), angle, -0.148750, 0.533750, 0.936250
Temps(ms), 2.000000,Vitesse (°/s), angle, -0.035000, 0.280000, 1.023750
Temps(ms), 2.050000,Vitesse (°/s), angle, -0.157500, 0.385000, 0.761250
Temps(ms), 2.100000,Vitesse (°/s), angle, -0.183750, 0.551250, 0.691250
Temps(ms), 2.150000,Vitesse (°/s), angle, -0.227500, 0.560000, 1.102500
Temps(ms), 2.200000,Vitesse (°/s), angle, -0.140000, 0.393750, 0.831250
Temps(ms), 2.250000,Vitesse (°/s), angle, -0.455000, 0.901250, 0.813750
Temps(ms), 2.300000,Vitesse (°/s), angle, 0.245000, 0.630000, 0.971250
Temps(ms), 2.350000,Vitesse (°/s), angle, 0.052500, 0.385000, 0.883750
Temps(ms), 2.400000,Vitesse (°/s), angle, -0.236250, 0.708750, 0.936250
Temps(ms), 2.450000,Vitesse (°/s), angle, -0.026250, 0.420000, 1.172500
Temps(ms), 2.500000,Vitesse (°/s), angle, -0.131250, 0.673750, 0.988750
Temps(ms), 2.550000,Vitesse (°/s), angle, -0.236250, 0.393750, 1.067500
Temps(ms), 2.600000,Vitesse (°/s), angle, 0.192500, 0.621250, 0.673750
Temps(ms), 2.650000,Vitesse (°/s), angle, -0.113750, 0.612500, 0.717500
Temps(ms), 2.700000,Vitesse (°/s), angle, -0.113750, 0.367500, 0.778750
Temps(ms), 2.750000,Vitesse (°/s), angle, 0.087500, 0.192500, 1.198750
Temps(ms), 2.800000,Vitesse (°/s), angle, -0.175000, 0.525000, 0.822500
Temps(ms), 2.850000,Vitesse (°/s), angle, 0.052500, 0.061250, 0.962500
Temps(ms), 2.900000,Vitesse (°/s), angle, -0.105000, 0.288750, 1.207500
Temps(ms), 2.950000,Vitesse (°/s), angle, -0.157500, 0.595000, 0.787500
Temps(ms), 3.000000,Vitesse (°/s), angle, -0.008750, 0.210000, 0.813750
Temps(ms), 3.050000,Vitesse (°/s), angle, -0.070000, 0.700000, 0.971250
Temps(ms), 3.100000,Vitesse (°/s), angle, -0.271250, 0.393750, 0.831250
Temps(ms), 3.150000,Vitesse (°/s), angle, -0.157500, -0.070000, 0.988750
Temps(ms), 3.200000,Vitesse (°/s), angle, -0.043750, 0.332500, 0.805000
Temps(ms), 3.250000,Vitesse (°/s), angle, -0.078750, 0.840000, 1.015000
Temps(ms), 3.300000,Vitesse (°/s), angle, -0.105000, 0.376250, 0.813750
Temps(ms), 3.350000,Vitesse (°/s), angle, -0.140000, 0.402500, 0.691250
Temps(ms), 3.400000,Vitesse (°/s), angle, 0.017500, 0.280000, 0.603750
Temps(ms), 3.450000,Vitesse (°/s), angle, 0.043750, 0.595000, 0.997500
Temps(ms), 3.500000,Vitesse (°/s), angle, -0.192500, 0.717500, 0.866250
Temps(ms), 3.550000,Vitesse (°/s), angle, -0.192500, 0.700000, 1.207500
Temps(ms), 3.600000,Vitesse (°/s), angle, -0.052500, 0.638750, 0.778750
Temps(ms), 3.650000,Vitesse (°/s), angle, -0.376250, 0.367500, 0.936250
Temps(ms), 3.700000,Vitesse (°/s), angle, 0.096250, 0.201250, 0.857500
Temps(ms), 3.750000,Vitesse (°/s), angle, -0.350000, 0.770000, 0.805000
Temps(ms), 3.800000,Vitesse (°/s), angle, -0.087500, 0.603750, 0.848750
Temps(ms), 3.850000,Vitesse (°/s), angle, -0.341250, 0.245000, 1.146250
Temps(ms), 3.900000,Vitesse (°/s), angle, -0.183750, 0.752500, 1.181250
Temps(ms), 3.950000,Vitesse (°/s), angle, -0.122500, 0.236250, 0.796250
Temps(ms), 4.000000,Vitesse (°/s), angle, -0.262500, 0.612500, 0.603750
Temps(ms), 4.050000,Vitesse (°/s), angle, 0.035000, 0.472500, 1.286250
Temps(ms), 4.100000,Vitesse (°/s), angle, -0.140000, 0.385000, 0.866250
Temps(ms), 4.150000,Vitesse (°/s), angle, -0.315000, 0.568750, 0.752500
Temps(ms), 4.200000,Vitesse (°/s), angle, -0.087500, 0.568750, 1.006250
Temps(ms), 4.250000,Vitesse (°/s), angle, -0.166250, 0.428750, 0.787500
Temps(ms), 4.300000,Vitesse (°/s), angle, -0.306250, 0.481250, 0.770000
Temps(ms), 4.350000,Vitesse (°/s), angle, 0.026250, 0.332500, 1.050000
Temps(ms), 4.400000,Vitesse (°/s), angle, -0.358750, 0.752500, 0.980000
Temps(ms), 4.450000,Vitesse (°/s), angle, -0.017500, 0.043750, 0.997500
Temps(ms), 4.500000,Vitesse (°/s), angle, -0.201250, 0.507500, 0.726250
Temps(ms), 4.550000,Vitesse (°/s), angle, -0.201250, 0.490000, 0.883750
Temps(ms), 4.600000,Vitesse (°/s), angle, -0.192500, 0.621250, 1.303750
Temps(ms), 4.650000,Vitesse (°/s), angle, -0.070000, 0.577500, 0.507500
Temps(ms), 4.700000,Vitesse (°/s), angle, -0.306250, 0.446250, 1.242500
Temps(ms), 4.750000,Vitesse (°/s), angle, -0.201250, 0.717500, 0.840000
Temps(ms), 4.800000,Vitesse (°/s), angle, -0.166250, 0.262500, 1.006250
Temps(ms), 4.850000,Vitesse (°/s), angle, -0.043750, 0.533750, 1.076250
Temps(ms), 4.900000,Vitesse (°/s), angle, -0.297500, 0.595000, 0.997500
Temps(ms), 4.950000,Vitesse (°/s), angle, 0.297500, 0.393750, 0.980000
Temps(ms), 5.000000,Vitesse (°/s), angle, -0.131250, 0.682500, 0.953750
Temps(ms), 5.050000,Vitesse (°/s), angle, 0.113750, 0.358750, 1.006250
Temps(ms), 5.100000,Vitesse (°/s), angle, -0.280000, 0.455000, 1.111250
Temps(ms), 5.150000,Vitesse (°/s), angle, 0.017500, 0.437500, 0.708750
Temps(ms), 5.200000,Vitesse (°/s), angle, -0.008750, 0.393750, 0.840000
Temps(ms), 5.250000,Vitesse (°/s), angle, -0.288750, 0.612500, 0.866250
Temps(ms), 5.300000,Vitesse (°/s), angle, -0.306250, 0.218750, 0.945000
Temps(ms), 5.350000,Vitesse (°/s), angle, 0.166250, 0.490000, 1.041250
Temps(ms), 5.400000,Vitesse (°/s), angle, -0.070000, 0.586250, 0.962500
Temps(ms), 5.450000,Vitesse (°/s), angle, -0.148750, 0.385000, 0.892500
Temps(ms), 5.500000,Vitesse (°/s), angle, -0.122500, 0.507500, 1.006250
Temps(ms), 5.550000,Vitesse (°/s), angle, 0.026250, 0.358750, 0.901250
Temps(ms), 5.600000,Vitesse (°/s), angle, -0.201250, 0.577500, 0.612500
Temps(ms), 5.650000,Vitesse (°/s), angle, 0.017500, 0.673750, 0.813750
Temps(ms), 5.700000,Vitesse (°/s), angle, -0.061250, 0.148750, 0.945000
Temps(ms), 5.750000,Vitesse (°/s), angle, -0.008750, 0.376250, 0.665000
Temps(ms), 5.800000,Vitesse (°/s), angle, -0.157500, 0.341250, 1.058750
Temps(ms), 5.850000,Vitesse (°/s), angle, -0.035000, 0.428750, 1.032500
Temps(ms), 5.900000,Vitesse (°/s), angle, -0.271250, 0.393750, 0.953750
Temps(ms), 5.950000,Vitesse (°/s), angle, 0.000000, 0.210000, 0.673750
Temps(ms), 6.000000,Vitesse (°/s), angle, -0.280000, 0.376250, 0.997500
Temps(ms), 6.050000,Vitesse (°/s), angle, 0.105000, 0.428750, 1.128750
Temps(ms), 6.100000,Vitesse (°/s), angle, -0.568750, 0.253750, 0.770000
Temps(ms), 6.150000,Vitesse (°/s), angle, -0.070000, 0.358750, 0.831250
Temps(ms), 6.200000,Vitesse (°/s), angle, -0.096250, 0.603750, 0.831250
Temps(ms), 6.250000,Vitesse (°/s), angle, -0.008750, 0.367500, 0.735000
Temps(ms), 6.300000,Vitesse (°/s), angle, -0.122500, 0.175000, 0.988750
Temps(ms), 6.350000,Vitesse (°/s), angle, -0.192500, 0.936250, 0.665000
Temps(ms), 6.400000,Vitesse (°/s), angle, -0.043750, 0.516250, 1.207500
Temps(ms), 6.450000,Vitesse (°/s), angle, -0.227500, 0.796250, 0.735000
Temps(ms), 6.500000,Vitesse (°/s), angle, -0.385000, 0.367500, 1.128750
Temps(ms), 6.550000,Vitesse (°/s), angle, -0.175000, 0.411250, 1.190000
Temps(ms), 6.600000,Vitesse (°/s), angle, -0.148750, 0.350000, 0.962500
Temps(ms), 6.650000,Vitesse (°/s), angle, -0.122500, 0.236250, 1.050000
Temps(ms), 6.700000,Vitesse (°/s), angle, -0.017500, 0.507500, 0.717500
Temps(ms), 6.750000,Vitesse (°/s), angle, 0.113750, 0.323750, 1.058750
Temps(ms), 6.800000,Vitesse (°/s), angle, -0.201250, 0.323750, 1.111250
Temps(ms), 6.850000,Vitesse (°/s), angle, -0.096250, 0.393750, 0.700000
Temps(ms), 6.900000,Vitesse (°/s), angle, -0.315000, 0.472500, 1.242500
Temps(ms), 6.950000,Vitesse (°/s), angle, -0.131250, 0.367500, 0.883750
Temps(ms), 7.000000,Vitesse (°/s), angle, -0.262500, 0.638750, 1.015000
Temps(ms), 7.050000,Vitesse (°/s), angle, -0.122500, 0.376250, 0.796250
Temps(ms), 7.100000,Vitesse (°/s), angle, -0.087500, 0.507500, 0.945000
Temps(ms), 7.150000,Vitesse (°/s), angle, -0.157500, 0.253750, 1.163750
Temps(ms), 7.200000,Vitesse (°/s), angle, -0.306250, 0.656250, 0.910000
Temps(ms), 7.250000,Vitesse (°/s), angle, -0.183750, 0.043750, 0.945000
Temps(ms), 7.300000,Vitesse (°/s), angle, -0.455000, 0.656250, 1.050000
Temps(ms), 7.350000,Vitesse (°/s), angle, -0.332500, -0.061250, 1.076250
Temps(ms), 7.400000,Vitesse (°/s), angle, -0.236250, 0.665000, 0.848750
Temps(ms), 7.450000,Vitesse (°/s), angle, -0.157500, 0.350000, 0.822500
Temps(ms), 7.500000,Vitesse (°/s), angle, -0.341250, 0.367500, 0.761250
Temps(ms), 7.550000,Vitesse (°/s), angle, -0.113750, 0.603750, 0.945000
Temps(ms), 7.600000,Vitesse (°/s), angle, -0.026250, 0.516250, 1.093750
Temps(ms), 7.650000,Vitesse (°/s), angle, -0.245000, 0.376250, 0.953750
Temps(ms), 7.700000,Vitesse (°/s), angle, -0.122500, 0.218750, 0.936250
Temps(ms), 7.750000,Vitesse (°/s), angle, -0.192500, 0.595000, 1.023750
Temps(ms), 7.800000,Vitesse (°/s), angle, -0.105000, 0.568750, 0.761250
Temps(ms), 7.850000,Vitesse (°/s), angle, -0.218750, 0.533750, 0.735000
Temps(ms), 7.900000,Vitesse (°/s), angle, -0.183750, 0.568750, 0.761250
Temps(ms), 7.950000,Vitesse (°/s), angle, -0.166250, 0.131250, 0.901250
Temps(ms), 8.000000,Vitesse (°/s), angle, 0.078750, 0.472500, 0.988750
Temps(ms), 8.050000,Vitesse (°/s), angle, 0.166250, 0.411250, 1.146250
Temps(ms), 8.100000,Vitesse (°/s), angle, 0.017500, 0.796250, 0.840000
Temps(ms), 8.150000,Vitesse (°/s), angle, -0.105000, 0.490000, 1.111250
Temps(ms), 8.200000,Vitesse (°/s), angle, -0.017500, 0.603750, 1.006250
Temps(ms), 8.250000,Vitesse (°/s), angle, -0.113750, 0.297500, 0.971250
Temps(ms), 8.300000,Vitesse (°/s), angle, -0.297500, 0.306250, 1.312500
Temps(ms), 8.350000,Vitesse (°/s), angle, -0.070000, 0.735000, 0.743750
Temps(ms), 8.400000,Vitesse (°/s), angle, 0.201250, 0.332500, 0.953750
Temps(ms), 8.450000,Vitesse (°/s), angle, -0.481250, 0.586250, 0.840000
Temps(ms), 8.500000,Vitesse (°/s), angle, -0.105000, 0.507500, 0.857500
Temps(ms), 8.550000,Vitesse (°/s), angle, -0.113750, 0.507500, 0.857500
Temps(ms), 8.600000,Vitesse (°/s), angle, 0.000000, 0.568750, 0.787500
Temps(ms), 8.650000,Vitesse (°/s), angle, -0.183750, 0.647500, 0.892500
Temps(ms), 8.700000,Vitesse (°/s), angle, -0.175000, 0.210000, 0.980000
Temps(ms), 8.750000,Vitesse (°/s), angle, 0.043750, 0.813750, 1.111250
Temps(ms), 8.800000,Vitesse (°/s), angle, -0.315000, 0.367500, 0.866250
Temps(ms), 8.850000,Vitesse (°/s), angle, 0.026250, 0.358750, 0.673750
Temps(ms), 8.900000,Vitesse (°/s), angle, -0.236250, 0.446250, 0.805000
Temps(ms), 8.950000,Vitesse (°/s), angle, 0.113750, 0.516250, 1.023750
Temps(ms), 9.000000,Vitesse (°/s), angle, -0.227500, 0.157500, 0.918750
Temps(ms), 9.050000,Vitesse (°/s), angle, 0.096250, 0.507500, 0.936250
Temps(ms), 9.100000,Vitesse (°/s), angle, 0.052500, 0.306250, 0.743750
Temps(ms), 9.150000,Vitesse (°/s), angle, 0.078750, 0.708750, 0.831250
Temps(ms), 9.200000,Vitesse (°/s), angle, -0.271250, 0.096250, 0.953750
Temps(ms), 9.250000,Vitesse (°/s), angle, -0.402500, 0.726250, 0.656250
Temps(ms), 9.300000,Vitesse (°/s), angle, -0.288750, 0.393750, 0.936250
Temps(ms), 9.350000,Vitesse (°/s), angle, -0.148750, 0.455000, 0.857500
Temps(ms), 9.400000,Vitesse (°/s), angle, 0.026250, 0.306250, 1.041250
Temps(ms), 9.450000,Vitesse (°/s), angle, 0.035000, 0.201250, 0.761250
Temps(ms), 9.500000,Vitesse (°/s), angle, 0.078750, 0.525000, 0.796250
Temps(ms), 9.550000,Vitesse (°/s), angle, -0.175000, 0.621250, 1.181250
Temps(ms), 9.600000,Vitesse (°/s), angle, -0.227500, 0.726250, 1.023750
Temps(ms), 9.650000,Vitesse (°/s), angle, -0.122500, 0.577500, 1.058750
Temps(ms), 9.700000,Vitesse (°/s), angle, -0.297500, 0.717500, 1.023750
Temps(ms), 9.750000,Vitesse (°/s), angle, -0.166250, 0.245000, 0.875000
Temps(ms), 9.800000,Vitesse (°/s), angle, -0.105000, 0.717500, 1.067500
Temps(ms), 9.850000,Vitesse (°/s), angle, -0.043750, 0.595000, 0.813750
Temps(ms), 9.900000,Vitesse (°/s), angle, 0.218750, 0.498750, 0.857500
Temps(ms), 9.950000,Vitesse (°/s), angle, -0.245000, 0.315000, 1.006250
Temps(ms), 10.000000,Vitesse (°/s), angle, -0.175000, 0.428750, 0.770000
Temps(ms), 10.050000,Vitesse (°/s), angle, 0.026250, 0.455000, 0.656250
Temps(ms), 10.100000,Vitesse (°/s), angle, -0.096250, 0.402500, 0.962500
Temps(ms), 10.150000,Vitesse (°/s), angle, -0.586250, 0.525000, 0.988750
Temps(ms), 10.200000,Vitesse (°/s), angle, -0.105000, 0.297500, 0.726250
Temps(ms), 10.250000,Vitesse (°/s), angle, -0.280000, 0.665000, 0.875000
Temps(ms), 10.300000,Vitesse (°/s), angle, -0.122500, 0.288750, 1.093750
Temps(ms), 10.350000,Vitesse (°/s), angle, 0.026250, 0.358750, 1.172500
Temps(ms), 10.400000,Vitesse (°/s), angle, -0.026250, 0.507500, 1.146250
Temps(ms), 10.450000,Vitesse (°/s), angle, -0.105000, 0.533750, 1.015000
Temps(ms), 10.500000,Vitesse (°/s), angle, -0.078750, 0.726250, 0.927500
Temps(ms), 10.550000,Vitesse (°/s), angle, -0.008750, 0.752500, 1.155000
Temps(ms), 10.600000,Vitesse (°/s), angle, -0.288750, 0.367500, 0.708750
Temps(ms), 10.650000,Vitesse (°/s), angle, -0.078750, 0.463750, 0.892500
Temps(ms), 10.700000,Vitesse (°/s), angle, -0.148750, 0.603750, 0.778750
Temps(ms), 10.750000,Vitesse (°/s), angle, -0.087500, 0.533750, 0.875000
Temps(ms), 10.800000,Vitesse (°/s), angle, -0.253750, 0.595000, 0.673750
Temps(ms), 10.850000,Vitesse (°/s), angle, -0.008750, 0.665000, 0.805000
Temps(ms), 10.900000,Vitesse (°/s), angle, -0.315000, 0.428750, 1.076250
Temps(ms), 10.950000,Vitesse (°/s), angle, 0.000000, 0.411250, 0.883750
Temps(ms), 11.000000,Vitesse (°/s), angle, 0.000000, 0.402500, 0.953750
Temps(ms), 11.050000,Vitesse (°/s), angle, -0.157500, 0.175000, 0.997500
Temps(ms), 11.100000,Vitesse (°/s), angle, -0.166250, 0.446250, 0.988750
Temps(ms), 11.150000,Vitesse (°/s), angle, -0.035000, 0.507500, 0.980000
Temps(ms), 11.200000,Vitesse (°/s), angle, 0.105000, 0.332500, 1.198750
Temps(ms), 11.250000,Vitesse (°/s), angle, 0.017500, 0.533750, 0.726250
Temps(ms), 11.300000,Vitesse (°/s), angle, -0.183750, 0.420000, 0.848750
Temps(ms), 11.350000,Vitesse (°/s), angle, -0.096250, 0.516250, 0.778750
Temps(ms), 11.400000,Vitesse (°/s), angle, -0.166250, 0.472500, 0.953750
Temps(ms), 11.450000,Vitesse (°/s), angle, -0.297500, 0.323750, 0.831250
Temps(ms), 11.500000,Vitesse (°/s), angle, -0.385000, 0.630000, 1.085000
Temps(ms), 11.550000,Vitesse (°/s), angle, -0.096250, 0.735000, 0.831250
Temps(ms), 11.600000,Vitesse (°/s), angle, -0.096250, 0.770000, 0.822500
Temps(ms), 11.650000,Vitesse (°/s), angle, 0.087500, 0.192500, 1.015000
Temps(ms), 11.700000,Vitesse (°/s), angle, -0.280000, 0.568750, 0.848750
Temps(ms), 11.750000,Vitesse (°/s), angle, -0.201250, 0.070000, 1.146250
Temps(ms), 11.800000,Vitesse (°/s), angle, -0.166250, 0.691250, 0.822500
Temps(ms), 11.850000,Vitesse (°/s), angle, 0.148750, 0.525000, 1.067500
Temps(ms), 11.900000,Vitesse (°/s), angle, -0.280000, 0.630000, 0.568750
Temps(ms), 11.950000,Vitesse (°/s), angle, -0.052500, 0.175000, 0.936250
Temps(ms), 12.000000,Vitesse (°/s), angle, -0.096250, 0.638750, 0.805000
Temps(ms), 12.050000,Vitesse (°/s), angle, -0.105000, 0.210000, 1.085000
Temps(ms), 12.100000,Vitesse (°/s), angle, -0.227500, 0.192500, 0.901250
Temps(ms), 12.150000,Vitesse (°/s), angle, -0.061250, 0.560000, 1.198750
Temps(ms), 12.200000,Vitesse (°/s), angle, -0.192500, 0.472500, 0.962500
Temps(ms), 12.250000,Vitesse (°/s), angle, -0.078750, 0.901250, 0.665000
Temps(ms), 12.300000,Vitesse (°/s), angle, -0.376250, 0.560000, 1.111250
Temps(ms), 12.350000,Vitesse (°/s), angle, -0.078750, 0.376250, 0.831250
Temps(ms), 12.400000,Vitesse (°/s), angle, -0.105000, 0.253750, 1.032500
Temps(ms), 12.450000,Vitesse (°/s), angle, -0.131250, 0.490000, 1.085000
Temps(ms), 12.500000,Vitesse (°/s), angle, -0.166250, 0.393750, 1.023750
Temps(ms), 12.550000,Vitesse (°/s), angle, 0.087500, 0.376250, 0.910000
Temps(ms), 12.600000,Vitesse (°/s), angle, 0.105000, 0.490000, 0.621250
Temps(ms), 12.650000,Vitesse (°/s), angle, -0.043750, 0.411250, 0.761250
Temps(ms), 12.700000,Vitesse (°/s), angle, 0.017500, 0.428750, 1.076250
Temps(ms), 12.750000,Vitesse (°/s), angle, -0.043750, 0.323750, 0.805000
Temps(ms), 12.800000,Vitesse (°/s), angle, -0.105000, 0.542500, 0.971250
Temps(ms), 12.850000,Vitesse (°/s), angle, -0.358750, 0.411250, 0.936250
Temps(ms), 12.900000,Vitesse (°/s), angle, -0.393750, 0.673750, 0.708750
Temps(ms), 12.950000,Vitesse (°/s), angle, -0.131250, 0.385000, 0.892500
Temps(ms), 13.000000,Vitesse (°/s), angle, -0.113750, 0.638750, 0.673750
Temps(ms), 13.050000,Vitesse (°/s), angle, -0.140000, 0.437500, 1.023750
Temps(ms), 13.100000,Vitesse (°/s), angle, -0.271250, 0.420000, 0.813750
Temps(ms), 13.150000,Vitesse (°/s), angle, -0.183750, 0.463750, 1.102500
Temps(ms), 13.200000,Vitesse (°/s), angle, -0.332500, 0.428750, 0.883750
Temps(ms), 13.250000,Vitesse (°/s), angle, 0.157500, 0.498750, 0.971250
Temps(ms), 13.300000,Vitesse (°/s), angle, -0.315000, 0.472500, 0.735000
Temps(ms), 13.350000,Vitesse (°/s), angle, -0.087500, 0.542500, 0.673750
Temps(ms), 13.400000,Vitesse (°/s), angle, -0.358750, 0.288750, 1.050000
Temps(ms), 13.450000,Vitesse (°/s), angle, -0.131250, 0.498750, 0.848750
Temps(ms), 13.500000,Vitesse (°/s), angle, -0.341250, 0.253750, 0.883750
Temps(ms), 13.550000,Vitesse (°/s), angle, -0.227500, 0.472500, 0.962500
Temps(ms), 13.600000,Vitesse (°/s), angle, -0.192500, -0.008750, 1.190000
Temps(ms), 13.650000,Vitesse (°/s), angle, -0.218750, 0.717500, 0.883750
Temps(ms), 13.700000,Vitesse (°/s), angle, 0.008750, 0.358750, 1.050000
Temps(ms), 13.750000,Vitesse (°/s), angle, 0.000000, 0.708750, 0.577500
Temps(ms), 13.800000,Vitesse (°/s), angle, -0.026250, 0.367500, 0.831250
Temps(ms), 13.850000,Vitesse (°/s), angle, -0.140000, 0.630000, 0.665000
Temps(ms), 13.900000,Vitesse (°/s), angle, -0.166250, 0.796250, 1.102500
Temps(ms), 13.950000,Vitesse (°/s), angle, -0.166250, 0.595000, 0.708750
Temps(ms), 14.000000,Vitesse (°/s), angle, -0.017500, 0.411250, 1.076250
Temps(ms), 14.050000,Vitesse (°/s), angle, 0.052500, 0.673750, 1.120000
Temps(ms), 14.100000,Vitesse (°/s), angle, -0.131250, 0.472500, 0.831250
Temps(ms), 14.150000,Vitesse (°/s), angle, -0.175000, 0.175000, 0.997500
Temps(ms), 14.200000,Vitesse (°/s), angle, 0.052500, 0.341250, 0.918750
Temps(ms), 14.250000,Vitesse (°/s), angle, -0.026250, 0.700000, 1.058750
Temps(ms), 14.300000,Vitesse (°/s), angle, -0.087500, 0.507500, 0.831250
Temps(ms), 14.350000,Vitesse (°/s), angle, 0.122500, 0.481250, 1.163750
Temps(ms), 14.400000,Vitesse (°/s), angle, -0.280000, 0.428750, 0.682500
Temps(ms), 14.450000,Vitesse (°/s), angle, -0.105000, 0.341250, 0.831250
Temps(ms), 14.500000,Vitesse (°/s), angle, -0.227500, 0.393750, 0.901250
Temps(ms), 14.550000,Vitesse (°/s), angle, 0.210000, 0.148750, 0.857500
Temps(ms), 14.600000,Vitesse (°/s), angle, -0.446250, 0.446250, 0.892500
Temps(ms), 14.650000,Vitesse (°/s), angle, 0.105000, 0.262500, 0.892500
Temps(ms), 14.700000,Vitesse (°/s), angle, -0.096250, 0.367500, 0.866250
Temps(ms), 14.750000,Vitesse (°/s), angle, -0.157500, 0.638750, 0.840000
Temps(ms), 14.800000,Vitesse (°/s), angle, -0.446250, 0.726250, 0.787500
Temps(ms), 14.850000,Vitesse (°/s), angle, 0.052500, 0.341250, 0.988750
Temps(ms), 14.900000,Vitesse (°/s), angle, -0.035000, 0.332500, 0.743750
Temps(ms), 14.950000,Vitesse (°/s), angle, 0.061250, 0.420000, 0.673750
Temps(ms), 15.000000,Vitesse (°/s), angle, -0.035000, 0.393750, 0.936250
Temps(ms), 15.050000,Vitesse (°/s), angle, -0.253750, 0.472500, 0.953750
Temps(ms), 15.100000,Vitesse (°/s), angle, -0.017500, 0.227500, 1.032500
Temps(ms), 15.150000,Vitesse (°/s), angle, -0.253750, 0.621250, 0.787500
Temps(ms), 15.200000,Vitesse (°/s), angle, -0.061250, 0.315000, 0.822500
Temps(ms), 15.250000,Vitesse (°/s), angle, -0.035000, 0.621250, 0.875000
Temps(ms), 15.300000,Vitesse (°/s), angle, -0.078750, 0.131250, 0.927500
Temps(ms), 15.350000,Vitesse (°/s), angle, -0.358750, 0.595000, 0.927500
Temps(ms), 15.400000,Vitesse (°/s), angle, 0.035000, 0.192500, 1.041250
Temps(ms), 15.450000,Vitesse (°/s), angle, -0.236250, 0.463750, 1.181250
Temps(ms), 15.500000,Vitesse (°/s), angle, 0.043750, -0.078750, 0.840000
Temps(ms), 15.550000,Vitesse (°/s), angle, -0.262500, 0.673750, 1.093750
Temps(ms), 15.600000,Vitesse (°/s), angle, -0.227500, 0.315000, 0.866250
Temps(ms), 15.650000,Vitesse (°/s), angle, -0.096250, 0.402500, 0.918750
Temps(ms), 15.700000,Vitesse (°/s), angle, 0.026250, 0.131250, 0.945000
Temps(ms), 15.750000,Vitesse (°/s), angle, -0.306250, 0.306250, 0.901250
Temps(ms), 15.800000,Vitesse (°/s), angle, 0.043750, 0.367500, 0.822500
Temps(ms), 15.850000,Vitesse (°/s), angle, -0.122500, 0.367500, 0.866250
Temps(ms), 15.900000,Vitesse (°/s), angle, -0.253750, 0.262500, 0.770000
Temps(ms), 15.950000,Vitesse (°/s), angle, -0.140000, 0.507500, 0.787500
Temps(ms), 16.000000,Vitesse (°/s), angle, -0.271250, 0.638750, 0.918750
Temps(ms), 16.050000,Vitesse (°/s), angle, -0.122500, 0.437500, 1.408750
Temps(ms), 16.100000,Vitesse (°/s), angle, -0.070000, 0.568750, 0.717500
Temps(ms), 16.150000,Vitesse (°/s), angle, -0.245000, 0.446250, 0.918750
Temps(ms), 16.200000,Vitesse (°/s), angle, 0.122500, 0.743750, 0.665000
Temps(ms), 16.250000,Vitesse (°/s), angle, -0.017500, 0.253750, 0.927500
Temps(ms), 16.300000,Vitesse (°/s), angle, -0.175000, 0.437500, 0.577500
Temps(ms), 16.350000,Vitesse (°/s), angle, -0.192500, 0.481250, 0.953750
Temps(ms), 16.400000,Vitesse (°/s), angle, -0.271250, 0.428750, 0.743750
Temps(ms), 16.450000,Vitesse (°/s), angle, 0.026250, 0.376250, 0.866250
Temps(ms), 16.500000,Vitesse (°/s), angle, -0.376250, 0.350000, 0.735000
Temps(ms), 16.550000,Vitesse (°/s), angle, -0.288750, 0.271250, 1.015000
Temps(ms), 16.600000,Vitesse (°/s), angle, -0.192500, 0.402500, 1.032500
Temps(ms), 16.650000,Vitesse (°/s), angle, 0.008750, 0.717500, 1.076250
Temps(ms), 16.700000,Vitesse (°/s), angle, -0.455000, 0.437500, 0.822500
Temps(ms), 16.750000,Vitesse (°/s), angle, -0.201250, 0.253750, 0.936250
Temps(ms), 16.800000,Vitesse (°/s), angle, -0.166250, 0.682500, 0.962500
Temps(ms), 16.850000,Vitesse (°/s), angle, -0.262500, 0.341250, 0.866250
Temps(ms), 16.900000,Vitesse (°/s), angle, -0.087500, 0.463750, 1.172500
Temps(ms), 16.950000,Vitesse (°/s), angle, -0.227500, 0.507500, 1.260000
Temps(ms), 17.000000,Vitesse (°/s), angle, -0.096250, 0.691250, 0.533750
Temps(ms), 17.050000,Vitesse (°/s), angle, -0.113750, 0.682500, 0.717500
Temps(ms), 17.100000,Vitesse (°/s), angle, 0.078750, 0.271250, 1.076250
Temps(ms), 17.150000,Vitesse (°/s), angle, -0.323750, 0.647500, 0.612500
Temps(ms), 17.200000,Vitesse (°/s), angle, 0.245000, 0.472500, 1.181250
Temps(ms), 17.250000,Vitesse (°/s), angle, -0.210000, 0.735000, 0.945000
Temps(ms), 17.300000,Vitesse (°/s), angle, -0.070000, 0.131250, 0.988750
Temps(ms), 17.350000,Vitesse (°/s), angle, -0.157500, 0.560000, 0.901250
Temps(ms), 17.400000,Vitesse (°/s), angle, -0.166250, 0.385000, 1.190000
Temps(ms), 17.450000,Vitesse (°/s), angle, -0.157500, 0.603750, 0.787500
Temps(ms), 17.500000,Vitesse (°/s), angle, 0.026250, -0.043750, 1.058750
Temps(ms), 17.550000,Vitesse (°/s), angle, -0.131250, 0.420000, 1.023750
Temps(ms), 17.600000,Vitesse (°/s), angle, 0.061250, 0.586250, 1.102500
Temps(ms), 17.650000,Vitesse (°/s), angle, 0.000000, 0.542500, 1.023750
Temps(ms), 17.700000,Vitesse (°/s), angle, -0.280000, 0.665000, 1.085000
Temps(ms), 17.750000,Vitesse (°/s), angle, -0.122500, 0.490000, 0.770000
Temps(ms), 17.800000,Vitesse (°/s), angle, 0.000000, 0.603750, 0.927500
Temps(ms), 17.850000,Vitesse (°/s), angle, -0.035000, 0.175000, 0.883750
Temps(ms), 17.900000,Vitesse (°/s), angle, 0.017500, 0.358750, 1.102500
Temps(ms), 17.950000,Vitesse (°/s), angle, -0.297500, 0.595000, 0.778750
Temps(ms), 18.000000,Vitesse (°/s), angle, -0.192500, 0.700000, 0.682500
Temps(ms), 18.050000,Vitesse (°/s), angle, -0.288750, 0.665000, 1.102500
Temps(ms), 18.100000,Vitesse (°/s), angle, -0.043750, 0.516250, 0.621250
Temps(ms), 18.150000,Vitesse (°/s), angle, -0.105000, 0.463750, 0.936250
Temps(ms), 18.200000,Vitesse (°/s), angle, -0.166250, 0.227500, 0.700000
Temps(ms), 18.250000,Vitesse (°/s), angle, -0.052500, 0.568750, 0.551250
Temps(ms), 18.300000,Vitesse (°/s), angle, -0.280000, 0.253750, 0.726250
Temps(ms), 18.350000,Vitesse (°/s), angle, -0.035000, 0.420000, 0.708750
Temps(ms), 18.400000,Vitesse (°/s), angle, -0.367500, 0.603750, 0.805000
Temps(ms), 18.450000,Vitesse (°/s), angle, 0.052500, 0.376250, 0.787500
Temps(ms), 18.500000,Vitesse (°/s), angle, -0.367500, 0.498750, 0.822500
Temps(ms), 18.550000,Vitesse (°/s), angle, -0.253750, 0.087500, 1.093750
Temps(ms), 18.600000,Vitesse (°/s), angle, -0.070000, 0.726250, 0.866250
Temps(ms), 18.650000,Vitesse (°/s), angle, -0.175000, 0.542500, 0.962500
Temps(ms), 18.700000,Vitesse (°/s), angle, -0.122500, 0.262500, 0.971250
Temps(ms), 18.750000,Vitesse (°/s), angle, -0.271250, 0.078750, 0.980000
Temps(ms), 18.800000,Vitesse (°/s), angle, -0.105000, 0.603750, 0.805000
Temps(ms), 18.850000,Vitesse (°/s), angle, 0.192500, 0.210000, 0.945000
Temps(ms), 18.900000,Vitesse (°/s), angle, -0.061250, 0.420000, 0.813750
Temps(ms), 18.950000,Vitesse (°/s), angle, -0.140000, 0.376250, 0.988750
Temps(ms), 19.000000,Vitesse (°/s), angle, -0.035000, 0.455000, 0.481250
Temps(ms), 19.050000,Vitesse (°/s), angle, -0.122500, 0.420000, 0.770000
Temps(ms), 19.100000,Vitesse (°/s), angle, -0.253750, 0.035000, 0.761250
Temps(ms), 19.150000,Vitesse (°/s), angle, 0.017500, 0.411250, 1.251250
Temps(ms), 19.200000,Vitesse (°/s), angle, -0.332500, 0.533750, 1.032500
Temps(ms), 19.250000,Vitesse (°/s), angle, -0.192500, 0.656250, 0.796250
Temps(ms), 19.300000,Vitesse (°/s), angle, -0.131250, 0.201250, 1.032500
Temps(ms), 19.350000,Vitesse (°/s), angle, 0.017500, 0.122500, 0.560000
Temps(ms), 19.400000,Vitesse (°/s), angle, 0.061250, 0.735000, 1.111250
Temps(ms), 19.450000,Vitesse (°/s), angle, -0.245000, 0.411250, 0.708750
Temps(ms), 19.500000,Vitesse (°/s), angle, -0.008750, 0.665000, 0.883750
Temps(ms), 19.550000,Vitesse (°/s), angle, -0.306250, 0.052500, 0.831250
Temps(ms), 19.600000,Vitesse (°/s), angle, 0.078750, 0.428750, 0.857500
Temps(ms), 19.650000,Vitesse (°/s), angle, -0.192500, 0.612500, 0.910000
Temps(ms), 19.700000,Vitesse (°/s), angle, 0.166250, 0.297500, 0.997500
Temps(ms), 19.750000,Vitesse (°/s), angle, -0.516250, 0.577500, 0.638750
Temps(ms), 19.800000,Vitesse (°/s), angle, 0.183750, 0.306250, 1.207500
Temps(ms), 19.850000,Vitesse (°/s), angle, -0.568750, 0.612500, 1.102500
Temps(ms), 19.900000,Vitesse (°/s), angle, -0.175000, 0.350000, 0.953750
Temps(ms), 19.950000,Vitesse (°/s), angle, -0.455000, 0.586250, 0.927500
Temps(ms), 20.000000,Vitesse (°/s), angle, -0.140000, 0.411250, 1.006250
Temps(ms), 20.050000,Vitesse (°/s), angle, -0.096250, 0.455000, 0.892500
Temps(ms), 20.100000,Vitesse (°/s), angle, -0.043750, 0.201250, 0.778750
Temps(ms), 20.150000,Vitesse (°/s), angle, -0.262500, 0.525000, 0.778750
Temps(ms), 20.200000,Vitesse (°/s), angle, -0.052500, 0.402500, 1.015000
Temps(ms), 20.250000,Vitesse (°/s), angle, 0.000000, 0.437500, 0.568750
Temps(ms), 20.300000,Vitesse (°/s), angle, -0.236250, 0.673750, 0.962500
Temps(ms), 20.350000,Vitesse (°/s), angle, -0.218750, 0.428750, 1.050000
Temps(ms), 20.400000,Vitesse (°/s), angle, 0.192500, 0.551250, 0.761250
Temps(ms), 20.450000,Vitesse (°/s), angle, -0.087500, 0.612500, 0.647500
Temps(ms), 20.500000,Vitesse (°/s), angle, -0.061250, 0.463750, 0.857500
Temps(ms), 20.550000,Vitesse (°/s), angle, -0.026250, 0.358750, 0.796250
Temps(ms), 20.600000,Vitesse (°/s), angle, 0.236250, 0.306250, 0.980000
Temps(ms), 20.650000,Vitesse (°/s), angle, -0.385000, 0.525000, 1.006250
Temps(ms), 20.700000,Vitesse (°/s), angle, 0.376250, 0.428750, 0.910000
Temps(ms), 20.750000,Vitesse (°/s), angle, -0.157500, 0.726250, 0.901250
Temps(ms), 20.800000,Vitesse (°/s), angle, -0.236250, 0.341250, 0.761250
Temps(ms), 20.850000,Vitesse (°/s), angle, -0.236250, 0.533750, 0.726250
Temps(ms), 20.900000,Vitesse (°/s), angle, -0.367500, 0.472500, 0.971250
Temps(ms), 20.950000,Vitesse (°/s), angle, -0.210000, 0.577500, 0.787500
Temps(ms), 21.000000,Vitesse (°/s), angle, -0.315000, 0.498750, 0.962500
Temps(ms), 21.050000,Vitesse (°/s), angle, 0.061250, 0.595000, 1.023750
Temps(ms), 21.100000,Vitesse (°/s), angle, -0.166250, 0.533750, 0.831250
Temps(ms), 21.150000,Vitesse (°/s), angle, -0.157500, 0.201250, 0.840000
Temps(ms), 21.200000,Vitesse (°/s), angle, -0.280000, 0.516250, 0.822500
Temps(ms), 21.250000,Vitesse (°/s), angle, -0.227500, 0.350000, 1.050000
Temps(ms), 21.300000,Vitesse (°/s), angle, -0.402500, 0.446250, 0.971250
Temps(ms), 21.350000,Vitesse (°/s), angle, -0.096250, 0.350000, 0.805000
Temps(ms), 21.400000,Vitesse (°/s), angle, -0.481250, 0.455000, 0.682500
Temps(ms), 21.450000,Vitesse (°/s), angle, -0.148750, 0.516250, 0.840000
Temps(ms), 21.500000,Vitesse (°/s), angle, -0.043750, 0.280000, 0.796250
Temps(ms), 21.550000,Vitesse (°/s), angle, 0.035000, 0.542500, 0.988750
Temps(ms), 21.600000,Vitesse (°/s), angle, 0.026250, 0.227500, 0.840000
Temps(ms), 21.650000,Vitesse (°/s), angle, -0.175000, 0.262500, 0.953750
Temps(ms), 21.700000,Vitesse (°/s), angle, -0.087500, 0.533750, 0.988750
Temps(ms), 21.750000,Vitesse (°/s), angle, -0.157500, 0.253750, 0.988750
Temps(ms), 21.800000,Vitesse (°/s), angle, -0.157500, 0.778750, 0.708750
Temps(ms), 21.850000,Vitesse (°/s), angle, -0.227500, 0.323750, 1.067500
Temps(ms), 21.900000,Vitesse (°/s), angle, -0.017500, 0.595000, 0.892500
Temps(ms), 21.950000,Vitesse (°/s), angle, -0.218750, 0.376250, 0.936250
Temps(ms), 22.000000,Vitesse (°/s), angle, -0.315000, 1.006250, 0.962500
Temps(ms), 22.050000,Vitesse (°/s), angle, -0.026250, 0.148750, 1.058750
Temps(ms), 22.100000,Vitesse (°/s), angle, -0.052500, 0.673750, 0.927500
Temps(ms), 22.150000,Vitesse (°/s), angle, -0.061250, 0.192500, 0.831250
Temps(ms), 22.200000,Vitesse (°/s), angle, -0.017500, 0.577500, 0.945000
Temps(ms), 22.250000,Vitesse (°/s), angle, -0.262500, 0.490000, 1.041250
Temps(ms), 22.300000,Vitesse (°/s), angle, -0.280000, 0.735000, 0.621250
Temps(ms), 22.350000,Vitesse (°/s), angle, -0.026250, 0.096250, 1.181250
Temps(ms), 22.400000,Vitesse (°/s), angle, -0.271250, 0.446250, 0.980000
Temps(ms), 22.450000,Vitesse (°/s), angle, 0.052500, 0.498750, 1.163750
Temps(ms), 22.500000,Vitesse (°/s), angle, -0.437500, 0.621250, 0.778750
Temps(ms), 22.550000,Vitesse (°/s), angle, 0.035000, 0.446250, 0.656250
Temps(ms), 22.600000,Vitesse (°/s), angle, -0.183750, 0.770000, 1.015000
Temps(ms), 22.650000,Vitesse (°/s), angle, -0.131250, 0.087500, 0.962500
Temps(ms), 22.700000,Vitesse (°/s), angle, -0.105000, 0.612500, 0.691250
Temps(ms), 22.750000,Vitesse (°/s), angle, -0.008750, 0.175000, 0.822500
Temps(ms), 22.800000,Vitesse (°/s), angle, -0.306250, 0.866250, 1.032500
Temps(ms), 22.850000,Vitesse (°/s), angle, -0.192500, 0.315000, 1.058750
Temps(ms), 22.900000,Vitesse (°/s), angle, -0.183750, 0.656250, 0.673750
Temps(ms), 22.950000,Vitesse (°/s), angle, -0.122500, 0.385000, 1.128750
Temps(ms), 23.000000,Vitesse (°/s), angle, 0.105000, 0.218750, 1.102500
Temps(ms), 23.050000,Vitesse (°/s), angle, -0.131250, 0.393750, 0.831250
Temps(ms), 23.100000,Vitesse (°/s), angle, -0.070000, 0.533750, 0.883750
Temps(ms), 23.150000,Vitesse (°/s), angle, 0.105000, 0.210000, 0.892500
Temps(ms), 23.200000,Vitesse (°/s), angle, -0.131250, 0.682500, 0.918750
Temps(ms), 23.250000,Vitesse (°/s), angle, -0.061250, 0.612500, 0.875000
Temps(ms), 23.300000,Vitesse (°/s), angle, -0.358750, 0.638750, 1.006250
Temps(ms), 23.350000,Vitesse (°/s), angle, -0.078750, 0.533750, 0.708750
Temps(ms), 23.400000,Vitesse (°/s), angle, -0.105000, 0.603750, 0.988750
Temps(ms), 23.450000,Vitesse (°/s), angle, -0.183750, 0.078750, 0.892500
Temps(ms), 23.500000,Vitesse (°/s), angle, -0.087500, 0.455000, 0.866250
Temps(ms), 23.550000,Vitesse (°/s), angle, -0.192500, 0.393750, 0.962500
Temps(ms), 23.600000,Vitesse (°/s), angle, -0.236250, 0.175000, 0.840000
Temps(ms), 23.650000,Vitesse (°/s), angle, -0.052500, 0.437500, 0.971250
Temps(ms), 23.700000,Vitesse (°/s), angle, -0.201250, 0.516250, 0.971250
Temps(ms), 23.750000,Vitesse (°/s), angle, -0.236250, 0.586250, 0.875000
Temps(ms), 23.800000,Vitesse (°/s), angle, -0.026250, 0.306250, 0.883750
Temps(ms), 23.850000,Vitesse (°/s), angle, -0.227500, 0.306250, 0.971250
Temps(ms), 23.900000,Vitesse (°/s), angle, -0.157500, 0.402500, 0.700000
Temps(ms), 23.950000,Vitesse (°/s), angle, -0.096250, 0.472500, 1.006250
Temps(ms), 24.000000,Vitesse (°/s), angle, -0.070000, 0.315000, 0.647500
Temps(ms), 24.050000,Vitesse (°/s), angle, 0.035000, 0.533750, 0.796250
Temps(ms), 24.100000,Vitesse (°/s), angle, -0.061250, 0.315000, 1.137500
Temps(ms), 24.150000,Vitesse (°/s), angle, -0.113750, 0.813750, 0.647500
Temps(ms), 24.200000,Vitesse (°/s), angle, -0.323750, 0.367500, 0.577500
Temps(ms), 24.250000,Vitesse (°/s), angle, -0.070000, 0.708750, 0.918750
Temps(ms), 24.300000,Vitesse (°/s), angle, 0.140000, 0.376250, 0.971250
Temps(ms), 24.350000,Vitesse (°/s), angle, -0.218750, 0.472500, 0.962500
Temps(ms), 24.400000,Vitesse (°/s), angle, -0.122500, 0.218750, 0.971250
Temps(ms), 24.450000,Vitesse (°/s), angle, -0.411250, 0.350000, 1.015000
Temps(ms), 24.500000,Vitesse (°/s), angle, -0.148750, 0.297500, 0.892500
Temps(ms), 24.550000,Vitesse (°/s), angle, -0.131250, 0.568750, 0.761250
Temps(ms), 24.600000,Vitesse (°/s), angle, -0.166250, 0.236250, 0.831250
Temps(ms), 24.650000,Vitesse (°/s), angle, 0.061250, 0.507500, 0.875000
Temps(ms), 24.700000,Vitesse (°/s), angle, -0.035000, 0.612500, 1.032500
Temps(ms), 24.750000,Vitesse (°/s), angle, -0.166250, 0.647500, 0.306250
Temps(ms), 24.800000,Vitesse (°/s), angle, -0.227500, 0.463750, 1.303750
Temps(ms), 24.850000,Vitesse (°/s), angle, -0.201250, 0.446250, 0.752500
Temps(ms), 24.900000,Vitesse (°/s), angle, -0.113750, 0.271250, 0.945000
Temps(ms), 24.950000,Vitesse (°/s), angle, 0.035000, 0.472500, 0.892500
Temps(ms), 25.000000,Vitesse (°/s), angle, -0.008750, 0.297500, 1.076250
Temps(ms), 25.050000,Vitesse (°/s), angle, -0.201250, 0.568750, 0.918750
Temps(ms), 25.100000,Vitesse (°/s), angle, 0.166250, 0.297500, 0.910000
Temps(ms), 25.150000,Vitesse (°/s), angle, -0.288750, 0.586250, 0.743750
Temps(ms), 25.200000,Vitesse (°/s), angle, 0.087500, 0.350000, 0.953750
Temps(ms), 25.250000,Vitesse (°/s), angle, -0.210000, 0.568750, 0.945000
Temps(ms), 25.300000,Vitesse (°/s), angle, -0.017500, 0.411250, 1.067500
Temps(ms), 25.350000,Vitesse (°/s), angle, 0.043750, 0.586250, 1.172500
Temps(ms), 25.400000,Vitesse (°/s), angle, -0.192500, 0.131250, 0.971250
Temps(ms), 25.450000,Vitesse (°/s), angle, -0.035000, 0.647500, 0.857500
Temps(ms), 25.500000,Vitesse (°/s), angle, -0.210000, 0.358750, 0.927500
Temps(ms), 25.550000,Vitesse (°/s), angle, -0.210000, 0.735000, 0.901250
Temps(ms), 25.600000,Vitesse (°/s), angle, -0.140000, 0.498750, 0.761250
Temps(ms), 25.650000,Vitesse (°/s), angle, -0.306250, 0.358750, 0.848750
Temps(ms), 25.700000,Vitesse (°/s), angle, 0.183750, 0.568750, 1.277500
Temps(ms), 25.750000,Vitesse (°/s), angle, -0.253750, 0.472500, 0.822500
Temps(ms), 25.800000,Vitesse (°/s), angle, -0.026250, 0.166250, 0.822500
Temps(ms), 25.850000,Vitesse (°/s), angle, -0.175000, 0.638750, 0.770000
Temps(ms), 25.900000,Vitesse (°/s), angle, 0.122500, 0.210000, 1.207500
Temps(ms), 25.950000,Vitesse (°/s), angle, -0.148750, 0.551250, 0.857500
Temps(ms), 26.000000,Vitesse (°/s), angle, 0.131250, 0.498750, 1.058750
Temps(ms), 26.050000,Vitesse (°/s), angle, -0.201250, 0.367500, 0.822500
Temps(ms), 26.100000,Vitesse (°/s), angle, -0.061250, 0.507500, 1.050000
Temps(ms), 26.150000,Vitesse (°/s), angle, 0.008750, 0.455000, 0.883750
Temps(ms), 26.200000,Vitesse (°/s), angle, -0.105000, 0.367500, 0.761250
Temps(ms), 26.250000,Vitesse (°/s), angle, -0.358750, 0.227500, 0.831250
Temps(ms), 26.300000,Vitesse (°/s), angle, 0.017500, 0.533750, 1.067500
Temps(ms), 26.350000,Vitesse (°/s), angle, -0.113750, 0.472500, 0.752500
Temps(ms), 26.400000,Vitesse (°/s), angle, 0.166250, 0.682500, 1.102500
Temps(ms), 26.450000,Vitesse (°/s), angle, -0.516250, 0.463750, 0.892500
Temps(ms), 26.500000,Vitesse (°/s), angle, -0.175000, 0.560000, 0.735000
Temps(ms), 26.550000,Vitesse (°/s), angle, -0.131250, 0.647500, 0.840000
Temps(ms), 26.600000,Vitesse (°/s), angle, 0.096250, 0.227500, 1.006250
Temps(ms), 26.650000,Vitesse (°/s), angle, -0.288750, 0.516250, 1.050000
Temps(ms), 26.700000,Vitesse (°/s), angle, -0.113750, 0.236250, 1.050000
Temps(ms), 26.750000,Vitesse (°/s), angle, 0.096250, 0.551250, 0.621250
Temps(ms), 26.800000,Vitesse (°/s), angle, 0.052500, 0.323750, 0.927500
Temps(ms), 26.850000,Vitesse (°/s), angle, -0.105000, 0.612500, 0.971250
Temps(ms), 26.900000,Vitesse (°/s), angle, -0.175000, 0.271250, 1.050000
Temps(ms), 26.950000,Vitesse (°/s), angle, -0.017500, 0.437500, 0.673750
Temps(ms), 27.000000,Vitesse (°/s), angle, -0.008750, 0.516250, 0.997500
Temps(ms), 27.050000,Vitesse (°/s), angle, -0.402500, 0.393750, 0.796250
Temps(ms), 27.100000,Vitesse (°/s), angle, 0.236250, 0.140000, 0.927500
Temps(ms), 27.150000,Vitesse (°/s), angle, -0.227500, 0.665000, 0.866250
Temps(ms), 27.200000,Vitesse (°/s), angle, 0.087500, 0.332500, 0.980000
Temps(ms), 27.250000,Vitesse (°/s), angle, -0.341250, 0.673750, 0.848750
Temps(ms), 27.300000,Vitesse (°/s), angle, -0.253750, 0.551250, 1.120000
Temps(ms), 27.350000,Vitesse (°/s), angle, 0.000000, 0.621250, 1.190000
Temps(ms), 27.400000,Vitesse (°/s), angle, 0.017500, 0.525000, 0.971250
Temps(ms), 27.450000,Vitesse (°/s), angle, 0.008750, 0.297500, 0.682500
Temps(ms), 27.500000,Vitesse (°/s), angle, -0.131250, 0.192500, 1.076250
Temps(ms), 27.550000,Vitesse (°/s), angle, -0.131250, 0.542500, 0.717500
Temps(ms), 27.600000,Vitesse (°/s), angle, 0.043750, 0.551250, 0.988750
Temps(ms), 27.650000,Vitesse (°/s), angle, -0.332500, 0.463750, 0.516250
Temps(ms), 27.700000,Vitesse (°/s), angle, 0.017500, 0.385000, 0.787500
Temps(ms), 27.750000,Vitesse (°/s), angle, -0.166250, 0.603750, 0.980000
Temps(ms), 27.800000,Vitesse (°/s), angle, 0.052500, 0.306250, 0.901250
Temps(ms), 27.850000,Vitesse (°/s), angle, -0.218750, 0.752500, 0.980000
Temps(ms), 27.900000,Vitesse (°/s), angle, -0.052500, 0.166250, 0.525000
Temps(ms), 27.950000,Vitesse (°/s), angle, -0.157500, 0.533750, 1.076250
Temps(ms), 28.000000,Vitesse (°/s), angle, 0.000000, 0.332500, 0.752500
Temps(ms), 28.050000,Vitesse (°/s), angle, -0.078750, 0.708750, 0.743750
Temps(ms), 28.100000,Vitesse (°/s), angle, -0.061250, 0.516250, 1.093750
Temps(ms), 28.150000,Vitesse (°/s), angle, -0.306250, 0.691250, 0.691250
Temps(ms), 28.200000,Vitesse (°/s), angle, 0.061250, 0.665000, 1.260000
Temps(ms), 28.250000,Vitesse (°/s), angle, -0.192500, 0.551250, 0.953750
Temps(ms), 28.300000,Vitesse (°/s), angle, 0.000000, 0.481250, 1.067500
Temps(ms), 28.350000,Vitesse (°/s), angle, -0.411250, 0.297500, 0.927500
Temps(ms), 28.400000,Vitesse (°/s), angle, -0.008750, 0.332500, 0.682500
Temps(ms), 28.450000,Vitesse (°/s), angle, -0.210000, 0.525000, 0.910000
Temps(ms), 28.500000,Vitesse (°/s), angle, -0.043750, 0.463750, 0.857500
Temps(ms), 28.550000,Vitesse (°/s), angle, -0.148750, 0.192500, 0.857500
Temps(ms), 28.600000,Vitesse (°/s), angle, -0.157500, 0.656250, 0.735000
Temps(ms), 28.650000,Vitesse (°/s), angle, -0.428750, 0.805000, 0.910000
Temps(ms), 28.700000,Vitesse (°/s), angle, 0.017500, 0.323750, 0.805000
Temps(ms), 28.750000,Vitesse (°/s), angle, -0.035000, 0.638750, 0.857500
Temps(ms), 28.800000,Vitesse (°/s), angle, -0.070000, 0.446250, 1.137500
Temps(ms), 28.850000,Vitesse (°/s), angle, -0.420000, 0.490000, 0.761250
Temps(ms), 28.900000,Vitesse (°/s), angle, 0.052500, 0.280000, 0.945000
Temps(ms), 28.950000,Vitesse (°/s), angle, -0.236250, 0.227500, 0.665000
Temps(ms), 29.000000,Vitesse (°/s), angle, -0.367500, 0.446250, 0.962500
Temps(ms), 29.050000,Vitesse (°/s), angle, -0.393750, 0.455000, 0.953750
Temps(ms), 29.100000,Vitesse (°/s), angle, 0.113750, 0.420000, 0.726250
Temps(ms), 29.150000,Vitesse (°/s), angle, -0.516250, 0.577500, 0.533750
Temps(ms), 29.200000,Vitesse (°/s), angle, -0.043750, 0.201250, 0.910000
Temps(ms), 29.250000,Vitesse (°/s), angle, -0.218750, 0.813750, 0.875000
Temps(ms), 29.300000,Vitesse (°/s), angle, -0.043750, 0.341250, 1.085000
Temps(ms), 29.350000,Vitesse (°/s), angle, -0.218750, 0.288750, 0.612500
Temps(ms), 29.400000,Vitesse (°/s), angle, -0.157500, 0.192500, 1.146250
Temps(ms), 29.450000,Vitesse (°/s), angle, -0.201250, 0.542500, 0.866250
Temps(ms), 29.500000,Vitesse (°/s), angle, 0.096250, 0.341250, 1.032500
Temps(ms), 29.550000,Vitesse (°/s), angle, -0.288750, 0.481250, 0.621250
Temps(ms), 29.600000,Vitesse (°/s), angle, -0.218750, 0.656250, 1.015000
Temps(ms), 29.650000,Vitesse (°/s), angle, -0.087500, 0.446250, 0.586250
Temps(ms), 29.700000,Vitesse (°/s), angle, 0.008750, 0.420000, 0.962500
Temps(ms), 29.750000,Vitesse (°/s), angle, -0.140000, 0.463750, 0.586250
Temps(ms), 29.800000,Vitesse (°/s), angle, -0.070000, 0.297500, 0.892500
Temps(ms), 29.850000,Vitesse (°/s), angle, -0.035000, 0.498750, 0.980000
Temps(ms), 29.900000,Vitesse (°/s), angle, -0.017500, 0.175000, 0.761250
Temps(ms), 29.950000,Vitesse (°/s), angle, -0.008750, 0.743750, 0.735000
Temps(ms), 30.000000,Vitesse (°/s), angle, -0.166250, 0.315000, 0.875000
Temps(ms), 30.050000,Vitesse (°/s), angle, -0.140000, 0.568750, 0.612500
Temps(ms), 30.100000,Vitesse (°/s), angle, -0.105000, 0.761250, 0.892500
Temps(ms), 30.150000,Vitesse (°/s), angle, -0.192500, 0.481250, 0.568750
Temps(ms), 30.200000,Vitesse (°/s), angle, 0.210000, 0.770000, 0.778750
Temps(ms), 30.250000,Vitesse (°/s), angle, -0.166250, 0.210000, 0.787500
Temps(ms), 30.300000,Vitesse (°/s), angle, 0.227500, 0.428750, 0.735000
Temps(ms), 30.350000,Vitesse (°/s), angle, -0.280000, 0.113750, 0.840000
Temps(ms), 30.400000,Vitesse (°/s), angle, -0.061250, -0.166250, 0.971250
Temps(ms), 30.450000,Vitesse (°/s), angle, -0.166250, 0.472500, 1.015000
Temps(ms), 30.500000,Vitesse (°/s), angle, -0.175000, 0.043750, 0.726250
Temps(ms), 30.550000,Vitesse (°/s), angle, -0.166250, 0.918750, 0.936250
Temps(ms), 30.600000,Vitesse (°/s), angle, -0.096250, 0.236250, 0.945000
Temps(ms), 30.650000,Vitesse (°/s), angle, -0.035000, 0.586250, 0.770000
Temps(ms), 30.700000,Vitesse (°/s), angle, -0.113750, 0.770000, 1.128750
Temps(ms), 30.750000,Vitesse (°/s), angle, -0.227500, 0.577500, 0.560000
Temps(ms), 30.800000,Vitesse (°/s), angle, -0.323750, 0.385000, 0.743750
Temps(ms), 30.850000,Vitesse (°/s), angle, -0.087500, 0.463750, 0.953750
Temps(ms), 30.900000,Vitesse (°/s), angle, -0.078750, 0.175000, 0.962500
Temps(ms), 30.950000,Vitesse (°/s), angle, -0.008750, 0.148750, 1.286250
Temps(ms), 31.000000,Vitesse (°/s), angle, -0.227500, 0.490000, 0.682500
Temps(ms), 31.050000,Vitesse (°/s), angle, -0.008750, 0.542500, 1.190000
Temps(ms), 31.100000,Vitesse (°/s), angle, -0.148750, 0.253750, 0.971250
Temps(ms), 31.150000,Vitesse (°/s), angle, -0.113750, 0.525000, 1.172500
Temps(ms), 31.200000,Vitesse (°/s), angle, -0.175000, 0.262500, 1.041250
Temps(ms), 31.250000,Vitesse (°/s), angle, 0.000000, 0.280000, 0.910000
Temps(ms), 31.300000,Vitesse (°/s), angle, 0.061250, 0.437500, 1.032500
Temps(ms), 31.350000,Vitesse (°/s), angle, -0.166250, 0.420000, 0.726250
Temps(ms), 31.400000,Vitesse (°/s), angle, -0.201250, 0.533750, 0.840000
Temps(ms), 31.450000,Vitesse (°/s), angle, -0.201250, 0.148750, 1.085000
Temps(ms), 31.500000,Vitesse (°/s), angle, -0.105000, 0.332500, 0.848750
Temps(ms), 31.550000,Vitesse (°/s), angle, -0.070000, 0.350000, 0.813750
Temps(ms), 31.600000,Vitesse (°/s), angle, -0.113750, 0.525000, 0.647500
Temps(ms), 31.650000,Vitesse (°/s), angle, 0.026250, 0.455000, 0.918750
Temps(ms), 31.700000,Vitesse (°/s), angle, -0.166250, 0.507500, 0.595000
Temps(ms), 31.750000,Vitesse (°/s), angle, -0.210000, 0.428750, 0.857500
Temps(ms), 31.800000,Vitesse (°/s), angle, -0.323750, 0.603750, 0.700000
Temps(ms), 31.850000,Vitesse (°/s), angle, -0.078750, 0.420000, 1.365000
Temps(ms), 31.900000,Vitesse (°/s), angle, -0.271250, 0.630000, 0.682500
Temps(ms), 31.950000,Vitesse (°/s), angle, -0.096250, 0.315000, 0.813750
Temps(ms), 32.000000,Vitesse (°/s), angle, -0.061250, 0.700000, 1.155000
Temps(ms), 32.050000,Vitesse (°/s), angle, -0.008750, 0.043750, 1.172500
Temps(ms), 32.100000,Vitesse (°/s), angle, -0.253750, 0.735000, 0.910000
Temps(ms), 32.150000,Vitesse (°/s), angle, 0.183750, 0.017500, 0.988750
Temps(ms), 32.200000,Vitesse (°/s), angle, -0.113750, 0.638750, 0.778750
Temps(ms), 32.250000,Vitesse (°/s), angle, -0.026250, 0.630000, 0.892500
Temps(ms), 32.300000,Vitesse (°/s), angle, -0.393750, 0.507500, 0.971250
Temps(ms), 32.350000,Vitesse (°/s), angle, -0.131250, 0.253750, 0.918750
Temps(ms), 32.400000,Vitesse (°/s), angle, -0.253750, 0.376250, 0.612500
Temps(ms), 32.450000,Vitesse (°/s), angle, -0.017500, 0.516250, 0.875000
Temps(ms), 32.500000,Vitesse (°/s), angle, -0.122500, 0.201250, 0.621250
Temps(ms), 32.550000,Vitesse (°/s), angle, -0.122500, -0.122500, 0.997500
Temps(ms), 32.600000,Vitesse (°/s), angle, -0.227500, 0.481250, 1.111250
Temps(ms), 32.650000,Vitesse (°/s), angle, -0.227500, 0.428750, 1.023750
Temps(ms), 32.700000,Vitesse (°/s), angle, 0.000000, 0.481250, 0.735000
Temps(ms), 32.750000,Vitesse (°/s), angle, -0.087500, 0.218750, 0.962500
Temps(ms), 32.800000,Vitesse (°/s), angle, -0.271250, 0.638750, 0.726250
Temps(ms), 32.850000,Vitesse (°/s), angle, -0.131250, 0.630000, 1.032500
Temps(ms), 32.900000,Vitesse (°/s), angle, -0.122500, 0.490000, 0.717500
Temps(ms), 32.950000,Vitesse (°/s), angle, 0.008750, 0.227500, 0.892500
Temps(ms), 33.000000,Vitesse (°/s), angle, -0.166250, 0.201250, 0.840000
Temps(ms), 33.050000,Vitesse (°/s), angle, -0.061250, 0.227500, 0.980000
Temps(ms), 33.100000,Vitesse (°/s), angle, -0.148750, 0.525000, 0.787500
Temps(ms), 33.150000,Vitesse (°/s), angle, -0.087500, 0.481250, 0.656250
Temps(ms), 33.200000,Vitesse (°/s), angle, -0.350000, 0.393750, 0.927500
Temps(ms), 33.250000,Vitesse (°/s), angle, -0.157500, 0.148750, 0.936250
Temps(ms), 33.300000,Vitesse (°/s), angle, 0.008750, 0.498750, 0.831250
Temps(ms), 33.350000,Vitesse (°/s), angle, -0.017500, 0.455000, 0.927500
Temps(ms), 33.400000,Vitesse (°/s), angle, -0.052500, 0.621250, 0.840000
Temps(ms), 33.450000,Vitesse (°/s), angle, -0.253750, 0.595000, 1.120000
Temps(ms), 33.500000,Vitesse (°/s), angle, 0.008750, 0.472500, 0.638750
Temps(ms), 33.550000,Vitesse (°/s), angle, 0.017500, 0.472500, 0.883750
Temps(ms), 33.600000,Vitesse (°/s), angle, 0.078750, 0.096250, 1.006250
Temps(ms), 33.650000,Vitesse (°/s), angle, -0.175000, 0.577500, 0.796250
Temps(ms), 33.700000,Vitesse (°/s), angle, -0.280000, 0.148750, 1.268750
Temps(ms), 33.750000,Vitesse (°/s), angle, -0.008750, 0.586250, 0.656250
Temps(ms), 33.800000,Vitesse (°/s), angle, 0.035000, 0.621250, 1.093750
Temps(ms), 33.850000,Vitesse (°/s), angle, -0.166250, 0.455000, 1.023750
Temps(ms), 33.900000,Vitesse (°/s), angle, 0.043750, 0.498750, 0.700000
Temps(ms), 33.950000,Vitesse (°/s), angle, -0.385000, 0.542500, 0.621250
Temps(ms), 34.000000,Vitesse (°/s), angle, -0.253750, 0.332500, 0.840000
Temps(ms), 34.050000,Vitesse (°/s), angle, -0.341250, 0.542500, 0.910000
Temps(ms), 34.100000,Vitesse (°/s), angle, 0.157500, 0.507500, 0.997500
Temps(ms), 34.150000,Vitesse (°/s), angle, 0.026250, 0.717500, 0.848750
Temps(ms), 34.200000,Vitesse (°/s), angle, -0.043750, 0.236250, 0.927500
Temps(ms), 34.250000,Vitesse (°/s), angle, -0.052500, 0.568750, 0.813750
Temps(ms), 34.300000,Vitesse (°/s), angle, -0.140000, 0.411250, 0.848750
Temps(ms), 34.350000,Vitesse (°/s), angle, -0.105000, 0.341250, 0.796250
Temps(ms), 34.400000,Vitesse (°/s), angle, 0.052500, 0.332500, 0.656250
Temps(ms), 34.450000,Vitesse (°/s), angle, -0.280000, 0.280000, 0.568750
Temps(ms), 34.500000,Vitesse (°/s), angle, -0.140000, 0.280000, 0.813750
Temps(ms), 34.550000,Vitesse (°/s), angle, -0.227500, 0.665000, 0.831250
Temps(ms), 34.600000,Vitesse (°/s), angle, -0.043750, 0.367500, 0.988750
Temps(ms), 34.650000,Vitesse (°/s), angle, -0.498750, 0.682500, 0.472500
Temps(ms), 34.700000,Vitesse (°/s), angle, 0.061250, 0.271250, 0.980000
Temps(ms), 34.750000,Vitesse (°/s), angle, -0.140000, 0.971250, 0.953750
Temps(ms), 34.800000,Vitesse (°/s), angle, -0.227500, 0.297500, 0.708750
Temps(ms), 34.850000,Vitesse (°/s), angle, -0.052500, 0.490000, 0.831250
Temps(ms), 34.900000,Vitesse (°/s), angle, -0.297500, 0.341250, 0.971250
Temps(ms), 34.950000,Vitesse (°/s), angle, -0.350000, 0.673750, 0.936250
Temps(ms), 35.000000,Vitesse (°/s), angle, -0.175000, 0.428750, 0.988750
Temps(ms), 35.050000,Vitesse (°/s), angle, -0.297500, 0.595000, 0.568750
Temps(ms), 35.100000,Vitesse (°/s), angle, -0.052500, 0.288750, 1.216250
Temps(ms), 35.150000,Vitesse (°/s), angle, -0.490000, 0.227500, 0.778750
Temps(ms), 35.200000,Vitesse (°/s), angle, 0.070000, 0.428750, 1.015000
Temps(ms), 35.250000,Vitesse (°/s), angle, -0.288750, 0.507500, 0.927500
Temps(ms), 35.300000,Vitesse (°/s), angle, 0.096250, 0.262500, 0.927500
Temps(ms), 35.350000,Vitesse (°/s), angle, -0.043750, 0.700000, 0.883750
Temps(ms), 35.400000,Vitesse (°/s), angle, 0.131250, 0.376250, 0.691250
Temps(ms), 35.450000,Vitesse (°/s), angle, 0.078750, 0.218750, 0.603750
Temps(ms), 35.500000,Vitesse (°/s), angle, -0.087500, 0.367500, 1.041250
Temps(ms), 35.550000,Vitesse (°/s), angle, -0.035000, 0.332500, 0.647500
Temps(ms), 35.600000,Vitesse (°/s), angle, -0.043750, 0.061250, 0.945000
Temps(ms), 35.650000,Vitesse (°/s), angle, -0.008750, 0.586250, 0.910000
Temps(ms), 35.700000,Vitesse (°/s), angle, -0.192500, 0.411250, 0.743750
Temps(ms), 35.750000,Vitesse (°/s), angle, -0.323750, 0.507500, 0.656250
Temps(ms), 35.800000,Vitesse (°/s), angle, -0.105000, 0.358750, 1.085000
Temps(ms), 35.850000,Vitesse (°/s), angle, 0.183750, 0.420000, 0.866250
Temps(ms), 35.900000,Vitesse (°/s), angle, -0.245000, 0.621250, 0.761250
Temps(ms), 35.950000,Vitesse (°/s), angle, -0.315000, 0.393750, 1.076250
Temps(ms), 36.000000,Vitesse (°/s), angle, -0.175000, 0.533750, 0.700000
Temps(ms), 36.050000,Vitesse (°/s), angle, -0.210000, 0.586250, 0.796250
Temps(ms), 36.100000,Vitesse (°/s), angle, 0.140000, 0.367500, 1.137500
Temps(ms), 36.150000,Vitesse (°/s), angle, -0.061250, 0.385000, 0.665000
Temps(ms), 36.200000,Vitesse (°/s), angle, -0.288750, 0.525000, 0.883750
Temps(ms), 36.250000,Vitesse (°/s), angle, 0.105000, 0.052500, 0.927500
Temps(ms), 36.300000,Vitesse (°/s), angle, 0.061250, 0.542500, 0.875000
Temps(ms), 36.350000,Vitesse (°/s), angle, 0.052500, 0.157500, 1.015000
Temps(ms), 36.400000,Vitesse (°/s), angle, -0.175000, 0.691250, 0.883750
Temps(ms), 36.450000,Vitesse (°/s), angle, -0.070000, 0.236250, 0.971250
Temps(ms), 36.500000,Vitesse (°/s), angle, -0.148750, 0.428750, 0.822500
Temps(ms), 36.550000,Vitesse (°/s), angle, -0.245000, 0.463750, 0.936250
Temps(ms), 36.600000,Vitesse (°/s), angle, -0.288750, 0.612500, 0.638750
Temps(ms), 36.650000,Vitesse (°/s), angle, -0.166250, 0.420000, 0.910000
Temps(ms), 36.700000,Vitesse (°/s), angle, -0.131250, 0.560000, 0.840000
Temps(ms), 36.750000,Vitesse (°/s), angle, 0.070000, 0.017500, 0.857500
Temps(ms), 36.800000,Vitesse (°/s), angle, -0.245000, 0.525000, 0.813750
Temps(ms), 36.850000,Vitesse (°/s), angle, -0.113750, 0.210000, 1.172500
Temps(ms), 36.900000,Vitesse (°/s), angle, -0.043750, 0.595000, 0.577500
Temps(ms), 36.950000,Vitesse (°/s), angle, -0.166250, -0.297500, 0.866250
Temps(ms), 37.000000,Vitesse (°/s), angle, -0.061250, 0.831250, 0.630000
Temps(ms), 37.050000,Vitesse (°/s), angle, -0.131250, 0.428750, 1.286250
Temps(ms), 37.100000,Vitesse (°/s), angle, -0.297500, 0.630000, 0.796250
Temps(ms), 37.150000,Vitesse (°/s), angle, 0.000000, 0.358750, 0.656250
Temps(ms), 37.200000,Vitesse (°/s), angle, 0.070000, 0.437500, 0.831250
Temps(ms), 37.250000,Vitesse (°/s), angle, -0.096250, 0.402500, 1.093750
Temps(ms), 37.300000,Vitesse (°/s), angle, -0.315000, 0.647500, 1.032500
Temps(ms), 37.350000,Vitesse (°/s), angle, 0.026250, 0.411250, 0.787500
Temps(ms), 37.400000,Vitesse (°/s), angle, -0.061250, 0.341250, 0.735000
Temps(ms), 37.450000,Vitesse (°/s), angle, -0.087500, 0.297500, 1.111250
Temps(ms), 37.500000,Vitesse (°/s), angle, -0.236250, 0.708750, 0.848750
Temps(ms), 37.550000,Vitesse (°/s), angle, -0.113750, 0.297500, 0.936250
Temps(ms), 37.600000,Vitesse (°/s), angle, -0.376250, 0.612500, 0.997500
Temps(ms), 37.650000,Vitesse (°/s), angle, -0.157500, 0.595000, 1.190000
Temps(ms), 37.700000,Vitesse (°/s), angle, -0.078750, 0.516250, 0.997500
Temps(ms), 37.750000,Vitesse (°/s), angle, -0.096250, 0.428750, 1.041250
Temps(ms), 37.800000,Vitesse (°/s), angle, -0.218750, 0.210000, 0.525000
Temps(ms), 37.850000,Vitesse (°/s), angle, -0.227500, 0.490000, 0.945000
Temps(ms), 37.900000,Vitesse (°/s), angle, -0.367500, 0.350000, 0.997500
Temps(ms), 37.950000,Vitesse (°/s), angle, -0.332500, 0.393750, 0.743750
Temps(ms), 38.000000,Vitesse (°/s), angle, -0.271250, 0.630000, 1.102500
Temps(ms), 38.050000,Vitesse (°/s), angle, -0.236250, 0.332500, 0.980000
Temps(ms), 38.100000,Vitesse (°/s), angle, -0.166250, 0.402500, 0.735000
Temps(ms), 38.150000,Vitesse (°/s), angle, -0.271250, 0.490000, 0.691250
Temps(ms), 38.200000,Vitesse (°/s), angle, 0.105000, 0.446250, 0.831250
Temps(ms), 38.250000,Vitesse (°/s), angle, -0.017500, 0.446250, 0.813750
Temps(ms), 38.300000,Vitesse (°/s), angle, -0.350000, 0.288750, 0.647500
Temps(ms), 38.350000,Vitesse (°/s), angle, -0.262500, 0.778750, 0.866250
Temps(ms), 38.400000,Vitesse (°/s), angle, -0.113750, 0.323750, 0.840000
Temps(ms), 38.450000,Vitesse (°/s), angle, -0.122500, 0.507500, 0.892500
Temps(ms), 38.500000,Vitesse (°/s), angle, -0.183750, 0.332500, 0.883750
Temps(ms), 38.550000,Vitesse (°/s), angle, -0.192500, 0.595000, 1.137500
Temps(ms), 38.600000,Vitesse (°/s), angle, -0.078750, 0.271250, 1.295000
Temps(ms), 38.650000,Vitesse (°/s), angle, -0.175000, 0.630000, 0.735000
Temps(ms), 38.700000,Vitesse (°/s), angle, -0.096250, 0.210000, 0.971250
Temps(ms), 38.750000,Vitesse (°/s), angle, -0.332500, 0.717500, 0.831250
Temps(ms), 38.800000,Vitesse (°/s), angle, 0.166250, 0.245000, 1.312500
Temps(ms), 38.850000,Vitesse (°/s), angle, -0.078750, 0.516250, 0.796250
Temps(ms), 38.900000,Vitesse (°/s), angle, -0.262500, 0.122500, 0.918750
Temps(ms), 38.950000,Vitesse (°/s), angle, -0.201250, 0.743750, 0.743750
Temps(ms), 39.000000,Vitesse (°/s), angle, -0.070000, 0.568750, 0.883750
Temps(ms), 39.050000,Vitesse (°/s), angle, 0.148750, 0.603750, 0.910000
Temps(ms), 39.100000,Vitesse (°/s), angle, -0.157500, 0.376250, 1.120000
Temps(ms), 39.150000,Vitesse (°/s), angle, -0.026250, 0.376250, 0.945000
Temps(ms), 39.200000,Vitesse (°/s), angle, -0.052500, 0.595000, 1.303750
Temps(ms), 39.250000,Vitesse (°/s), angle, -0.236250, 0.621250, 0.568750
Temps(ms), 39.300000,Vitesse (°/s), angle, -0.157500, 0.630000, 1.015000
Temps(ms), 39.350000,Vitesse (°/s), angle, -0.157500, 0.358750, 0.822500
Temps(ms), 39.400000,Vitesse (°/s), angle, -0.175000, 0.446250, 0.726250
Temps(ms), 39.450000,Vitesse (°/s), angle, -0.061250, 0.595000, 1.163750
Temps(ms), 39.500000,Vitesse (°/s), angle, -0.297500, 0.490000, 0.901250
Temps(ms), 39.550000,Vitesse (°/s), angle, -0.105000, 0.122500, 0.866250
Temps(ms), 39.600000,Vitesse (°/s), angle, -0.280000, 0.647500, 0.910000
Temps(ms), 39.650000,Vitesse (°/s), angle, 0.122500, 0.560000, 0.875000
Temps(ms), 39.700000,Vitesse (°/s), angle, -0.157500, 0.735000, 0.708750
Temps(ms), 39.750000,Vitesse (°/s), angle, -0.175000, 0.017500, 0.910000
Temps(ms), 39.800000,Vitesse (°/s), angle, -0.008750, 0.813750, 0.665000
Temps(ms), 39.850000,Vitesse (°/s), angle, -0.140000, 0.271250, 0.918750
Temps(ms), 39.900000,Vitesse (°/s), angle, 0.026250, 0.542500, 0.778750
Temps(ms), 39.950000,Vitesse (°/s), angle, 0.157500, 0.568750, 0.805000
Temps(ms), 40.000000,Vitesse (°/s), angle, -0.280000, 0.560000, 0.612500
Temps(ms), 40.050000,Vitesse (°/s), angle, -0.192500, 0.280000, 1.137500
Temps(ms), 40.100000,Vitesse (°/s), angle, -0.297500, 0.612500, 0.656250
Temps(ms), 40.150000,Vitesse (°/s), angle, 0.000000, 0.297500, 1.015000
Temps(ms), 40.200000,Vitesse (°/s), angle, -0.227500, 0.455000, 0.971250
Temps(ms), 40.250000,Vitesse (°/s), angle, 0.052500, 0.288750, 1.032500
Temps(ms), 40.300000,Vitesse (°/s), angle, -0.288750, 0.735000, 0.866250
Temps(ms), 40.350000,Vitesse (°/s), angle, 0.000000, 0.367500, 0.945000
Temps(ms), 40.400000,Vitesse (°/s), angle, -0.087500, 0.455000, 0.822500
Temps(ms), 40.450000,Vitesse (°/s), angle, -0.288750, 0.376250, 0.980000
Temps(ms), 40.500000,Vitesse (°/s), angle, -0.192500, 0.726250, 0.770000
Temps(ms), 40.550000,Vitesse (°/s), angle, -0.122500, 0.472500, 1.023750
Temps(ms), 40.600000,Vitesse (°/s), angle, -0.078750, 0.516250, 0.787500
Temps(ms), 40.650000,Vitesse (°/s), angle, -0.183750, 0.166250, 1.181250
Temps(ms), 40.700000,Vitesse (°/s), angle, -0.446250, 0.708750, 0.901250
Temps(ms), 40.750000,Vitesse (°/s), angle, 0.026250, 0.516250, 0.910000
Temps(ms), 40.800000,Vitesse (°/s), angle, -0.140000, 0.586250, 0.656250
Temps(ms), 40.850000,Vitesse (°/s), angle, -0.201250, 0.008750, 0.875000
Temps(ms), 40.900000,Vitesse (°/s), angle, -0.087500, 0.700000, 0.918750
Temps(ms), 40.950000,Vitesse (°/s), angle, 0.061250, 0.743750, 0.682500
Temps(ms), 41.000000,Vitesse (°/s), angle, -0.166250, 0.183750, 1.128750
Temps(ms), 41.050000,Vitesse (°/s), angle, -0.332500, 0.708750, 0.866250
Temps(ms), 41.100000,Vitesse (°/s), angle, -0.026250, -0.078750, 0.778750
Temps(ms), 41.150000,Vitesse (°/s), angle, -0.140000, 0.533750, 1.006250
Temps(ms), 41.200000,Vitesse (°/s), angle, -0.096250, 0.437500, 1.015000
Temps(ms), 41.250000,Vitesse (°/s), angle, -0.148750, 0.630000, 0.866250
Temps(ms), 41.300000,Vitesse (°/s), angle, 0.078750, 0.717500, 1.128750
Temps(ms), 41.350000,Vitesse (°/s), angle, -0.253750, 0.437500, 0.901250
Temps(ms), 41.400000,Vitesse (°/s), angle, -0.166250, -0.043750, 0.997500
Temps(ms), 41.450000,Vitesse (°/s), angle, -0.280000, 0.595000, 0.630000
Temps(ms), 41.500000,Vitesse (°/s), angle, -0.096250, 0.490000, 1.111250
Temps(ms), 41.550000,Vitesse (°/s), angle, -0.262500, 0.525000, 0.857500
Temps(ms), 41.600000,Vitesse (°/s), angle, -0.035000, 0.262500, 0.761250
Temps(ms), 41.650000,Vitesse (°/s), angle, -0.122500, 0.481250, 0.910000
Temps(ms), 41.700000,Vitesse (°/s), angle, -0.026250, 0.096250, 0.831250
Temps(ms), 41.750000,Vitesse (°/s), angle, 0.026250, 0.393750, 1.085000
Temps(ms), 41.800000,Vitesse (°/s), angle, 0.043750, 0.385000, 1.041250
Temps(ms), 41.850000,Vitesse (°/s), angle, -0.035000, 0.201250, 0.901250
Temps(ms), 41.900000,Vitesse (°/s), angle, 0.035000, 0.306250, 0.682500
Temps(ms), 41.950000,Vitesse (°/s), angle, -0.096250, 0.096250, 0.717500
Temps(ms), 42.000000,Vitesse (°/s), angle, -0.070000, 0.682500, 0.857500
Temps(ms), 42.050000,Vitesse (°/s), angle, 0.052500, 0.420000, 0.621250
Temps(ms), 42.100000,Vitesse (°/s), angle, 0.078750, 0.411250, 0.988750
Temps(ms), 42.150000,Vitesse (°/s), angle, -0.323750, 0.525000, 0.883750
Temps(ms), 42.200000,Vitesse (°/s), angle, -0.087500, -0.035000, 0.796250
Temps(ms), 42.250000,Vitesse (°/s), angle, -0.052500, 0.761250, 0.927500
Temps(ms), 42.300000,Vitesse (°/s), angle, -0.183750, 0.568750, 0.962500
Temps(ms), 42.350000,Vitesse (°/s), angle, 0.061250, 0.280000, 0.997500
Temps(ms), 42.400000,Vitesse (°/s), angle, -0.148750, 0.428750, 0.953750
Temps(ms), 42.450000,Vitesse (°/s), angle, 0.131250, 0.350000, 0.953750
Temps(ms), 42.500000,Vitesse (°/s), angle, -0.183750, 0.647500, 0.831250
Temps(ms), 42.550000,Vitesse (°/s), angle, -0.070000, -0.087500, 0.682500
Temps(ms), 42.600000,Vitesse (°/s), angle, -0.105000, 0.621250, 0.892500
Temps(ms), 42.650000,Vitesse (°/s), angle, -0.122500, 0.288750, 0.997500
Temps(ms), 42.700000,Vitesse (°/s), angle, -0.140000, 0.420000, 0.796250
Temps(ms), 42.750000,Vitesse (°/s), angle, -0.297500, 0.516250, 0.717500
Temps(ms), 42.800000,Vitesse (°/s), angle, -0.420000, 0.525000, 0.743750
Temps(ms), 42.850000,Vitesse (°/s), angle, -0.148750, 0.358750, 1.155000
Temps(ms), 42.900000,Vitesse (°/s), angle, -0.306250, 0.472500, 0.875000
Temps(ms), 42.950000,Vitesse (°/s), angle, 0.201250, 0.157500, 0.997500
Temps(ms), 43.000000,Vitesse (°/s), angle, -0.210000, 0.463750, 0.980000
Temps(ms), 43.050000,Vitesse (°/s), angle, -0.087500, 0.017500, 0.787500
Temps(ms), 43.100000,Vitesse (°/s), angle, -0.280000, 0.551250, 0.761250
Temps(ms), 43.150000,Vitesse (°/s), angle, 0.070000, 0.113750, 0.787500
Temps(ms), 43.200000,Vitesse (°/s), angle, 0.043750, 0.665000, 0.796250
Temps(ms), 43.250000,Vitesse (°/s), angle, -0.148750, 0.490000, 1.006250
Temps(ms), 43.300000,Vitesse (°/s), angle, -0.192500, 0.481250, 0.936250
Temps(ms), 43.350000,Vitesse (°/s), angle, 0.140000, 0.306250, 0.700000
Temps(ms), 43.400000,Vitesse (°/s), angle, -0.061250, 0.367500, 0.857500
Temps(ms), 43.450000,Vitesse (°/s), angle, -0.105000, 0.306250, 1.050000
Temps(ms), 43.500000,Vitesse (°/s), angle, -0.306250, 0.367500, 1.163750
Temps(ms), 43.550000,Vitesse (°/s), angle, -0.192500, 0.437500, 1.006250
Temps(ms), 43.600000,Vitesse (°/s), angle, -0.008750, 0.393750, 1.111250
Temps(ms), 43.650000,Vitesse (°/s), angle, -0.437500, 0.568750, 0.665000
Temps(ms), 43.700000,Vitesse (°/s), angle, -0.306250, 0.455000, 0.752500
Temps(ms), 43.750000,Vitesse (°/s), angle, -0.376250, 0.481250, 0.857500
Temps(ms), 43.800000,Vitesse (°/s), angle, 0.078750, 0.218750, 0.953750
Temps(ms), 43.850000,Vitesse (°/s), angle, -0.306250, 0.621250, 0.647500
Temps(ms), 43.900000,Vitesse (°/s), angle, -0.157500, -0.087500, 0.936250
Temps(ms), 43.950000,Vitesse (°/s), angle, -0.122500, 0.883750, 0.726250
Temps(ms), 44.000000,Vitesse (°/s), angle, -0.008750, 0.087500, 1.076250
Temps(ms), 44.050000,Vitesse (°/s), angle, -0.087500, 0.665000, 0.875000
Temps(ms), 44.100000,Vitesse (°/s), angle, 0.026250, 0.481250, 1.041250
Temps(ms), 44.150000,Vitesse (°/s), angle, -0.455000, 0.516250, 0.708750
Temps(ms), 44.200000,Vitesse (°/s), angle, 0.166250, 0.367500, 0.831250
Temps(ms), 44.250000,Vitesse (°/s), angle, -0.306250, 0.787500, 0.831250
Temps(ms), 44.300000,Vitesse (°/s), angle, 0.070000, 0.472500, 0.962500
Temps(ms), 44.350000,Vitesse (°/s), angle, -0.280000, 0.481250, 0.857500
Temps(ms), 44.400000,Vitesse (°/s), angle, 0.061250, 0.280000, 0.805000
Temps(ms), 44.450000,Vitesse (°/s), angle, -0.140000, 0.586250, 0.778750
Temps(ms), 44.500000,Vitesse (°/s), angle, -0.332500, 0.516250, 0.910000
Temps(ms), 44.550000,Vitesse (°/s), angle, -0.210000, 0.603750, 1.006250
Temps(ms), 44.600000,Vitesse (°/s), angle, -0.148750, 0.297500, 1.251250
Temps(ms), 44.650000,Vitesse (°/s), angle, 0.087500, 0.332500, 0.796250
Temps(ms), 44.700000,Vitesse (°/s), angle, -0.087500, 0.455000, 0.866250
Temps(ms), 44.750000,Vitesse (°/s), angle, -0.105000, 0.358750, 0.988750
Temps(ms), 44.800000,Vitesse (°/s), angle, 0.017500, 0.148750, 0.805000
Temps(ms), 44.850000,Vitesse (°/s), angle, -0.245000, 0.271250, 0.787500
Temps(ms), 44.900000,Vitesse (°/s), angle, -0.148750, 0.376250, 1.111250
Temps(ms), 44.950000,Vitesse (°/s), angle, 0.070000, 0.726250, 1.128750
Temps(ms), 45.000000,Vitesse (°/s), angle, -0.008750, 0.455000, 0.927500
Temps(ms), 45.050000,Vitesse (°/s), angle, -0.026250, 0.638750, 0.787500
Temps(ms), 45.100000,Vitesse (°/s), angle, 0.008750, 0.542500, 0.988750
Temps(ms), 45.150000,Vitesse (°/s), angle, 0.052500, 0.236250, 0.743750
Temps(ms), 45.200000,Vitesse (°/s), angle, -0.280000, 0.787500, 0.918750
Temps(ms), 45.250000,Vitesse (°/s), angle, 0.113750, 0.148750, 0.875000
Temps(ms), 45.300000,Vitesse (°/s), angle, -0.297500, 0.647500, 0.796250
Temps(ms), 45.350000,Vitesse (°/s), angle, -0.131250, 0.236250, 0.866250
Temps(ms), 45.400000,Vitesse (°/s), angle, -0.280000, 0.621250, 1.041250
Temps(ms), 45.450000,Vitesse (°/s), angle, -0.201250, 0.227500, 1.050000
Temps(ms), 45.500000,Vitesse (°/s), angle, -0.078750, 0.411250, 0.726250
Temps(ms), 45.550000,Vitesse (°/s), angle, -0.210000, 0.358750, 0.936250
Temps(ms), 45.600000,Vitesse (°/s), angle, -0.315000, 0.481250, 0.945000
Temps(ms), 45.650000,Vitesse (°/s), angle, -0.052500, 0.166250, 1.146250
Temps(ms), 45.700000,Vitesse (°/s), angle, -0.341250, 0.586250, 1.085000
Temps(ms), 45.750000,Vitesse (°/s), angle, -0.183750, 0.385000, 0.805000
Temps(ms), 45.800000,Vitesse (°/s), angle, 0.061250, 0.726250, 0.840000
Temps(ms), 45.850000,Vitesse (°/s), angle, -0.105000, 0.157500, 0.822500
Temps(ms), 45.900000,Vitesse (°/s), angle, -0.052500, 0.227500, 0.936250
Temps(ms), 45.950000,Vitesse (°/s), angle, -0.113750, 0.673750, 0.936250
Temps(ms), 46.000000,Vitesse (°/s), angle, -0.113750, 0.271250, 0.866250
Temps(ms), 46.050000,Vitesse (°/s), angle, -0.148750, 0.673750, 0.848750
Temps(ms), 46.100000,Vitesse (°/s), angle, -0.070000, 0.131250, 1.233750
Temps(ms), 46.150000,Vitesse (°/s), angle, -0.201250, 0.848750, 0.761250
Temps(ms), 46.200000,Vitesse (°/s), angle, 0.017500, 0.367500, 0.857500
Temps(ms), 46.250000,Vitesse (°/s), angle, -0.271250, 0.866250, 0.708750
Temps(ms), 46.300000,Vitesse (°/s), angle, -0.113750, 0.455000, 0.901250
Temps(ms), 46.350000,Vitesse (°/s), angle, -0.140000, 0.367500, 1.286250
Temps(ms), 46.400000,Vitesse (°/s), angle, -0.017500, 0.437500, 0.848750
Temps(ms), 46.450000,Vitesse (°/s), angle, -0.490000, 0.411250, 0.796250
Temps(ms), 46.500000,Vitesse (°/s), angle, -0.227500, 0.096250, 0.953750
Temps(ms), 46.550000,Vitesse (°/s), angle, -0.105000, 0.533750, 0.927500
Temps(ms), 46.600000,Vitesse (°/s), angle, 0.008750, 0.183750, 0.822500
Temps(ms), 46.650000,Vitesse (°/s), angle, -0.192500, 0.577500, 0.647500
Temps(ms), 46.700000,Vitesse (°/s), angle, 0.245000, 0.026250, 1.085000
Temps(ms), 46.750000,Vitesse (°/s), angle, -0.253750, 0.831250, 0.708750
Temps(ms), 46.800000,Vitesse (°/s), angle, -0.008750, 0.323750, 0.831250
Temps(ms), 46.850000,Vitesse (°/s), angle, -0.096250, 0.428750, 0.726250
Temps(ms), 46.900000,Vitesse (°/s), angle, -0.245000, 0.428750, 1.163750
Temps(ms), 46.950000,Vitesse (°/s), angle, -0.087500, 0.665000, 0.673750
Temps(ms), 47.000000,Vitesse (°/s), angle, -0.061250, 0.183750, 0.691250
Temps(ms), 47.050000,Vitesse (°/s), angle, -0.070000, 0.131250, 1.032500
Temps(ms), 47.100000,Vitesse (°/s), angle, 0.061250, 0.385000, 0.971250
Temps(ms), 47.150000,Vitesse (°/s), angle, 0.017500, 0.630000, 1.076250
Temps(ms), 47.200000,Vitesse (°/s), angle, -0.533750, 0.612500, 0.883750
Temps(ms), 47.250000,Vitesse (°/s), angle, -0.008750, 0.463750, 1.111250
Temps(ms), 47.300000,Vitesse (°/s), angle, -0.210000, 0.551250, 1.023750
Temps(ms), 47.350000,Vitesse (°/s), angle, 0.078750, 0.498750, 0.805000
Temps(ms), 47.400000,Vitesse (°/s), angle, -0.210000, 0.735000, 0.980000
Temps(ms), 47.450000,Vitesse (°/s), angle, -0.026250, 0.061250, 0.822500
Temps(ms), 47.500000,Vitesse (°/s), angle, -0.035000, 0.735000, 0.918750
Temps(ms), 47.550000,Vitesse (°/s), angle, -0.262500, 0.280000, 1.067500
Temps(ms), 47.600000,Vitesse (°/s), angle, -0.157500, 0.507500, 0.717500
Temps(ms), 47.650000,Vitesse (°/s), angle, -0.061250, 0.175000, 1.058750
Temps(ms), 47.700000,Vitesse (°/s), angle, -0.070000, 0.665000, 0.568750
Temps(ms), 47.750000,Vitesse (°/s), angle, -0.008750, 0.568750, 0.778750
Temps(ms), 47.800000,Vitesse (°/s), angle, -0.306250, 0.402500, 1.058750
Temps(ms), 47.850000,Vitesse (°/s), angle, 0.026250, 0.428750, 0.752500
Temps(ms), 47.900000,Vitesse (°/s), angle, -0.306250, 0.533750, 0.665000
Temps(ms), 47.950000,Vitesse (°/s), angle, -0.411250, 0.245000, 0.848750
Temps(ms), 48.000000,Vitesse (°/s), angle, -0.183750, 0.428750, 0.708750
Temps(ms), 48.050000,Vitesse (°/s), angle, -0.385000, 0.271250, 0.813750
Temps(ms), 48.100000,Vitesse (°/s), angle, 0.000000, 0.735000, 0.883750
Temps(ms), 48.150000,Vitesse (°/s), angle, 0.008750, 0.665000, 0.953750
Temps(ms), 48.200000,Vitesse (°/s), angle, -0.087500, 0.437500, 0.822500
Temps(ms), 48.250000,Vitesse (°/s), angle, -0.035000, 0.638750, 1.190000
Temps(ms), 48.300000,Vitesse (°/s), angle, -0.070000, 0.533750, 1.093750
Temps(ms), 48.350000,Vitesse (°/s), angle, 0.148750, 0.393750, 0.682500
Temps(ms), 48.400000,Vitesse (°/s), angle, 0.035000, 0.376250, 0.848750
Temps(ms), 48.450000,Vitesse (°/s), angle, -0.236250, 0.560000, 0.805000
Temps(ms), 48.500000,Vitesse (°/s), angle, 0.262500, 0.332500, 0.971250
Temps(ms), 48.550000,Vitesse (°/s), angle, -0.218750, 0.411250, 0.866250
Temps(ms), 48.600000,Vitesse (°/s), angle, -0.043750, 0.463750, 1.050000
Temps(ms), 48.650000,Vitesse (°/s), angle, -0.411250, 0.402500, 0.761250
Temps(ms), 48.700000,Vitesse (°/s), angle, 0.122500, 0.236250, 1.102500
Temps(ms), 48.750000,Vitesse (°/s), angle, -0.087500, 0.708750, 0.796250
Temps(ms), 48.800000,Vitesse (°/s), angle, -0.043750, 0.262500, 0.971250
Temps(ms), 48.850000,Vitesse (°/s), angle, -0.245000, 0.691250, 0.691250
Temps(ms), 48.900000,Vitesse (°/s), angle, -0.315000, 0.070000, 0.866250
Temps(ms), 48.950000,Vitesse (°/s), angle, 0.035000, 0.446250, 0.840000
Temps(ms), 49.000000,Vitesse (°/s), angle, -0.096250, 0.358750, 0.831250
Temps(ms), 49.050000,Vitesse (°/s), angle, -0.288750, 0.621250, 0.630000
Temps(ms), 49.100000,Vitesse (°/s), angle, 0.052500, 0.507500, 1.111250
Temps(ms), 49.150000,Vitesse (°/s), angle, -0.315000, 0.577500, 0.603750
Temps(ms), 49.200000,Vitesse (°/s), angle, 0.043750, 0.358750, 1.216250
Temps(ms), 49.250000,Vitesse (°/s), angle, -0.306250, 0.490000, 1.093750
Temps(ms), 49.300000,Vitesse (°/s), angle, -0.175000, 0.428750, 0.813750
Temps(ms), 49.350000,Vitesse (°/s), angle, -0.210000, 0.341250, 0.857500
Temps(ms), 49.400000,Vitesse (°/s), angle, -0.315000, 0.560000, 0.778750
Temps(ms), 49.450000,Vitesse (°/s), angle, 0.061250, 0.437500, 0.953750
Temps(ms), 49.500000,Vitesse (°/s), angle, -0.026250, 0.463750, 0.822500
Temps(ms), 49.550000,Vitesse (°/s), angle, 0.157500, 0.201250, 0.840000
Temps(ms), 49.600000,Vitesse (°/s), angle, -0.218750, 0.831250, 1.023750
Temps(ms), 49.650000,Vitesse (°/s), angle, -0.166250, 0.420000, 0.927500
Temps(ms), 49.700000,Vitesse (°/s), angle, 0.043750, 0.411250, 0.980000
Temps(ms), 49.750000,Vitesse (°/s), angle, -0.227500, 0.402500, 1.050000
Temps(ms), 49.800000,Vitesse (°/s), angle, -0.148750, 0.446250, 0.997500
Temps(ms), 49.850000,Vitesse (°/s), angle, -0.061250, 0.568750, 1.190000
Temps(ms), 49.900000,Vitesse (°/s), angle, -0.341250, 0.726250, 0.551250
Temps(ms), 49.950000,Vitesse (°/s), angle, -0.008750, 0.280000, 0.918750
Temps(ms), 50.000000,Vitesse (°/s), angle, -0.218750, 0.568750, 0.875000
Temps(ms), 50.050000,Vitesse (°/s), angle, 0.061250, -0.008750, 0.717500
Temps(ms), 50.100000,Vitesse (°/s), angle, -0.105000, 0.341250, 1.146250
Temps(ms), 50.150000,Vitesse (°/s), angle, 0.218750, 0.463750, 0.918750
Temps(ms), 50.200000,Vitesse (°/s), angle, -0.131250, 0.385000, 0.813750
